candidate	condition	parent_id	query_name	flag	mapq	classification	base	base_quality
L2	CLEAN	e968fa48-a668-4b3b-ae72-bed0487c4a8b	e968fa48-a668-4b3b-ae72-bed0487c4a8b	0	60	REF	A	50
L2	CLEAN	77497122-d0f5-403e-a243-d680b9cb9d27	77497122-d0f5-403e-a243-d680b9cb9d27	16	60	ALT	T	22
L2	CLEAN	1788f429-0a74-49d1-8961-5f3fa967ad41	1788f429-0a74-49d1-8961-5f3fa967ad41	2048	60	REF	A	10
L2	CLEAN	1788f429-0a74-49d1-8961-5f3fa967ad41	1788f429-0a74-49d1-8961-5f3fa967ad41	16	60	REF	A	43
L2	CLEAN	390abcfa-1a29-44c0-9495-8795916ae4eb	390abcfa-1a29-44c0-9495-8795916ae4eb	0	60	ALT	T	50
L2	CLEAN	d065a20e-4fe2-4422-a664-228875ad9749	d065a20e-4fe2-4422-a664-228875ad9749	16	60	ALT	T	37
L2	CLEAN	c87ab2d8-fe48-44dc-bc90-3933ba38eb19	c87ab2d8-fe48-44dc-bc90-3933ba38eb19	16	60	ALT	T	39
L2	CLEAN	0487ecc0-bcb1-43f5-98d4-32b2e0c2ed3d	0487ecc0-bcb1-43f5-98d4-32b2e0c2ed3d	0	60	REF	A	40
L2	CLEAN	dd3c7fda-7f7e-48c4-a32d-45a34e40d1e1	dd3c7fda-7f7e-48c4-a32d-45a34e40d1e1	2048	60	REF	A	40
L2	CLEAN	dd3c7fda-7f7e-48c4-a32d-45a34e40d1e1	dd3c7fda-7f7e-48c4-a32d-45a34e40d1e1	16	60	REF	A	35
L2	CLEAN	0dd9e8fe-acad-4dda-b4fc-a51d45a2d374	0dd9e8fe-acad-4dda-b4fc-a51d45a2d374	16	60	ALT	T	39
L2	CLEAN	15315398-d6a9-451b-ab7d-cae0c2eaec66	15315398-d6a9-451b-ab7d-cae0c2eaec66	0	60	ALT	T	43
L2	CLEAN	5a779fa0-83ad-417f-9e28-ca2a8afb1bad	5a779fa0-83ad-417f-9e28-ca2a8afb1bad	0	60	ALT	T	50
L2	CLEAN	284da00e-76ab-443b-86ee-6aadfcac30e4	284da00e-76ab-443b-86ee-6aadfcac30e4	16	60	ALT	T	32
L2	CLEAN	e9939b55-17e4-4404-bfdc-6abc69b40960	e9939b55-17e4-4404-bfdc-6abc69b40960	0	60	REF	A	11
L2	CLEAN	e9939b55-17e4-4404-bfdc-6abc69b40960	e9939b55-17e4-4404-bfdc-6abc69b40960	2064	60	REF	A	22
L2	CLEAN	a8b20f6c-446f-417f-93f7-3f25bd203608	a8b20f6c-446f-417f-93f7-3f25bd203608	0	60	REF	A	41
L2	CLEAN	f186863e-71bc-4522-ad54-dcde5aa7b40a	f186863e-71bc-4522-ad54-dcde5aa7b40a	16	60	REF	A	37
L2	CLEAN	260038b3-118b-4611-b0b8-eebac9daca2e	260038b3-118b-4611-b0b8-eebac9daca2e	0	60	ALT	T	50
L2	CLEAN	4b461cc7-81cf-49dd-955f-5b119df5ecd0	4b461cc7-81cf-49dd-955f-5b119df5ecd0	0	60	REF	A	38
L2	CLEAN	2232cf1b-9c41-49c8-9723-b75c40c728c7	2232cf1b-9c41-49c8-9723-b75c40c728c7	16	60	REF	A	33
L2	CLEAN	8b87e5ff-3356-43ef-8893-de06349ccb69	8b87e5ff-3356-43ef-8893-de06349ccb69	16	60	ALT	T	42
L2	CLEAN	b8054b67-6dfe-461c-a3c9-044bc68a3d55	b8054b67-6dfe-461c-a3c9-044bc68a3d55	0	60	REF	A	42
L2	CLEAN	43a984cc-db5e-4a2e-90c1-a21a93da8150	43a984cc-db5e-4a2e-90c1-a21a93da8150	16	60	REF	A	36
L2	CLEAN	422681fb-7f4a-438f-bc53-0e217da1ee76	422681fb-7f4a-438f-bc53-0e217da1ee76	0	60	REF	A	35
L2	CLEAN	8ec92e13-e022-47be-b780-f992c25c634b	8ec92e13-e022-47be-b780-f992c25c634b	0	60	ALT	T	41
L2	CLEAN	0175c193-aade-4f44-8c60-80c976457ef7	0175c193-aade-4f44-8c60-80c976457ef7	0	60	REF	A	13
L2	CLEAN	a4baa1cc-d3c0-4611-bf7a-d32883174a38	a4baa1cc-d3c0-4611-bf7a-d32883174a38	16	60	REF	A	9
L2	CLEAN	3bf0f60a-88d3-4a23-a64e-7430705ac684	3bf0f60a-88d3-4a23-a64e-7430705ac684	0	60	ALT	T	33
L2	CLEAN	582c16de-e813-4a50-abeb-68ceadca40a1	582c16de-e813-4a50-abeb-68ceadca40a1	16	60	ALT	T	50
L2	CLEAN	ba22d15a-a415-4033-9c01-31f61d4a5542	ba22d15a-a415-4033-9c01-31f61d4a5542	0	60	REF	A	42
L2	CLEAN	c901ad66-bbc0-4349-b8fb-c39cc7f6233a	c901ad66-bbc0-4349-b8fb-c39cc7f6233a	16	60	ALT	T	44
L2	CLEAN	7cdbabef-2900-462c-a9b2-3fc2c700755d	7cdbabef-2900-462c-a9b2-3fc2c700755d	16	60	ALT	T	7
L2	CLEAN	0dc565bd-d774-4920-a88a-a4c2ca842d02	0dc565bd-d774-4920-a88a-a4c2ca842d02	0	60	ALT	T	21
L2	CLEAN	df138287-ab22-4b4c-959f-721167271181	df138287-ab22-4b4c-959f-721167271181	16	60	REF	A	19
L2	CLEAN	36e211cf-fed1-4c6a-bb50-513b0248e4fc	36e211cf-fed1-4c6a-bb50-513b0248e4fc	0	60	ALT	T	38
L2	CLEAN	23f902a5-6c53-4b41-bd7e-76ae2bbcd8e2	23f902a5-6c53-4b41-bd7e-76ae2bbcd8e2	0	60	REF	A	43
L2	CLEAN	53f51d7f-dfb6-458b-9c18-666aaa74273b	53f51d7f-dfb6-458b-9c18-666aaa74273b	16	60	REF	A	22
L2	CLEAN	f20fd74a-fa4a-4792-8de4-add553a521d2	f20fd74a-fa4a-4792-8de4-add553a521d2	0	60	ALT	T	47
L2	CLEAN	0c6869fe-ba77-4d28-97e9-c2d4fae59cf1	0c6869fe-ba77-4d28-97e9-c2d4fae59cf1	2064	60	REF	A	12
L2	CLEAN	693b8801-bd8c-4f4d-a36c-7c5524c9e411	693b8801-bd8c-4f4d-a36c-7c5524c9e411	0	60	ALT	T	36
L2	PM5	e968fa48-a668-4b3b-ae72-bed0487c4a8b	e968fa48-a668-4b3b-ae72-bed0487c4a8b	0	60	REF	A	50
L2	PM5	77497122-d0f5-403e-a243-d680b9cb9d27	77497122-d0f5-403e-a243-d680b9cb9d27	16	60	ALT	T	22
L2	PM5	1788f429-0a74-49d1-8961-5f3fa967ad41	1788f429-0a74-49d1-8961-5f3fa967ad41	2048	60	REF	A	10
L2	PM5	1788f429-0a74-49d1-8961-5f3fa967ad41	1788f429-0a74-49d1-8961-5f3fa967ad41	16	60	REF	A	43
L2	PM5	390abcfa-1a29-44c0-9495-8795916ae4eb	390abcfa-1a29-44c0-9495-8795916ae4eb	0	60	ALT	T	50
L2	PM5	d065a20e-4fe2-4422-a664-228875ad9749	d065a20e-4fe2-4422-a664-228875ad9749	16	60	ALT	T	37
L2	PM5	c87ab2d8-fe48-44dc-bc90-3933ba38eb19	c87ab2d8-fe48-44dc-bc90-3933ba38eb19	16	60	ALT	T	39
L2	PM5	0487ecc0-bcb1-43f5-98d4-32b2e0c2ed3d	0487ecc0-bcb1-43f5-98d4-32b2e0c2ed3d	0	60	REF	A	40
L2	PM5	dd3c7fda-7f7e-48c4-a32d-45a34e40d1e1	dd3c7fda-7f7e-48c4-a32d-45a34e40d1e1	2048	60	REF	A	40
L2	PM5	dd3c7fda-7f7e-48c4-a32d-45a34e40d1e1	dd3c7fda-7f7e-48c4-a32d-45a34e40d1e1	16	60	REF	A	35
L2	PM5	0dd9e8fe-acad-4dda-b4fc-a51d45a2d374	0dd9e8fe-acad-4dda-b4fc-a51d45a2d374	16	60	DELETION		
L2	PM5	15315398-d6a9-451b-ab7d-cae0c2eaec66	15315398-d6a9-451b-ab7d-cae0c2eaec66	0	60	OTHER	C	16
L2	PM5	5a779fa0-83ad-417f-9e28-ca2a8afb1bad	5a779fa0-83ad-417f-9e28-ca2a8afb1bad	0	60	ALT	T	50
L2	PM5	284da00e-76ab-443b-86ee-6aadfcac30e4	284da00e-76ab-443b-86ee-6aadfcac30e4	16	60	ALT	T	32
L2	PM5	e9939b55-17e4-4404-bfdc-6abc69b40960	e9939b55-17e4-4404-bfdc-6abc69b40960	0	60	REF	A	11
L2	PM5	e9939b55-17e4-4404-bfdc-6abc69b40960	e9939b55-17e4-4404-bfdc-6abc69b40960	2064	60	REF	A	22
L2	PM5	a8b20f6c-446f-417f-93f7-3f25bd203608	a8b20f6c-446f-417f-93f7-3f25bd203608	0	60	REF	A	41
L2	PM5	f186863e-71bc-4522-ad54-dcde5aa7b40a	f186863e-71bc-4522-ad54-dcde5aa7b40a	16	60	REF	A	37
L2	PM5	260038b3-118b-4611-b0b8-eebac9daca2e	260038b3-118b-4611-b0b8-eebac9daca2e	0	60	DELETION		
L2	PM5	4b461cc7-81cf-49dd-955f-5b119df5ecd0	4b461cc7-81cf-49dd-955f-5b119df5ecd0	0	60	REF	A	38
L2	PM5	2232cf1b-9c41-49c8-9723-b75c40c728c7	2232cf1b-9c41-49c8-9723-b75c40c728c7	16	60	REF	A	33
L2	PM5	8b87e5ff-3356-43ef-8893-de06349ccb69	8b87e5ff-3356-43ef-8893-de06349ccb69	16	60	DELETION		
L2	PM5	b8054b67-6dfe-461c-a3c9-044bc68a3d55	b8054b67-6dfe-461c-a3c9-044bc68a3d55	0	60	REF	A	42
L2	PM5	43a984cc-db5e-4a2e-90c1-a21a93da8150	43a984cc-db5e-4a2e-90c1-a21a93da8150	16	60	REF	A	36
L2	PM5	422681fb-7f4a-438f-bc53-0e217da1ee76	422681fb-7f4a-438f-bc53-0e217da1ee76	0	60	REF	A	35
L2	PM5	8ec92e13-e022-47be-b780-f992c25c634b	8ec92e13-e022-47be-b780-f992c25c634b	0	60	DELETION		
L2	PM5	0175c193-aade-4f44-8c60-80c976457ef7	0175c193-aade-4f44-8c60-80c976457ef7	0	60	REF	A	13
L2	PM5	a4baa1cc-d3c0-4611-bf7a-d32883174a38	a4baa1cc-d3c0-4611-bf7a-d32883174a38	16	60	REF	A	9
L2	PM5	3bf0f60a-88d3-4a23-a64e-7430705ac684	3bf0f60a-88d3-4a23-a64e-7430705ac684	0	60	DELETION		
L2	PM5	582c16de-e813-4a50-abeb-68ceadca40a1	582c16de-e813-4a50-abeb-68ceadca40a1	16	60	REF	A	19
L2	PM5	ba22d15a-a415-4033-9c01-31f61d4a5542	ba22d15a-a415-4033-9c01-31f61d4a5542	0	60	REF	A	42
L2	PM5	c901ad66-bbc0-4349-b8fb-c39cc7f6233a	c901ad66-bbc0-4349-b8fb-c39cc7f6233a	16	60	DELETION		
L2	PM5	7cdbabef-2900-462c-a9b2-3fc2c700755d	7cdbabef-2900-462c-a9b2-3fc2c700755d	16	60	ALT	T	7
L2	PM5	0dc565bd-d774-4920-a88a-a4c2ca842d02	0dc565bd-d774-4920-a88a-a4c2ca842d02	0	60	DELETION		
L2	PM5	df138287-ab22-4b4c-959f-721167271181	df138287-ab22-4b4c-959f-721167271181	16	60	REF	A	19
L2	PM5	36e211cf-fed1-4c6a-bb50-513b0248e4fc	36e211cf-fed1-4c6a-bb50-513b0248e4fc	0	60	ALT	T	38
L2	PM5	23f902a5-6c53-4b41-bd7e-76ae2bbcd8e2	23f902a5-6c53-4b41-bd7e-76ae2bbcd8e2	0	60	REF	A	43
L2	PM5	53f51d7f-dfb6-458b-9c18-666aaa74273b	53f51d7f-dfb6-458b-9c18-666aaa74273b	16	60	REF	A	22
L2	PM5	f20fd74a-fa4a-4792-8de4-add553a521d2	f20fd74a-fa4a-4792-8de4-add553a521d2	0	60	OTHER	C	8
L2	PM5	0c6869fe-ba77-4d28-97e9-c2d4fae59cf1	0c6869fe-ba77-4d28-97e9-c2d4fae59cf1	2064	60	REF	A	12
L2	PM5	693b8801-bd8c-4f4d-a36c-7c5524c9e411	693b8801-bd8c-4f4d-a36c-7c5524c9e411	0	60	ALT	T	36
L3	CLEAN	f78ab086-1acc-4681-a693-aae32764a8ad	f78ab086-1acc-4681-a693-aae32764a8ad	0	60	REF	A	43
L3	CLEAN	b7e2b3c4-e012-480e-80eb-618bfba0e57a	b7e2b3c4-e012-480e-80eb-618bfba0e57a	16	60	REF	A	46
L3	CLEAN	1ec2cf44-ff7d-43f3-8d77-ca95364915df	1ec2cf44-ff7d-43f3-8d77-ca95364915df	0	60	REF	A	42
L3	CLEAN	e9f4cf71-daff-4036-839c-119916eb79f7	e9f4cf71-daff-4036-839c-119916eb79f7	0	60	REF	A	50
L3	CLEAN	e9f4cf71-daff-4036-839c-119916eb79f7	e9f4cf71-daff-4036-839c-119916eb79f7	2064	60	REF	A	39
L3	CLEAN	c84c8e7e-46fa-407e-a3ab-643e4e1758be	c84c8e7e-46fa-407e-a3ab-643e4e1758be	16	60	REF	A	41
L3	CLEAN	52306299-ea9c-420c-b7ae-91b4a6def804	52306299-ea9c-420c-b7ae-91b4a6def804	0	60	REF	A	42
L3	CLEAN	9de6d71e-fa9f-4c50-810f-c71289169549	9de6d71e-fa9f-4c50-810f-c71289169549	16	60	REF	A	50
L3	CLEAN	9f46cabc-22b0-4eea-99a7-8840c81d98aa	9f46cabc-22b0-4eea-99a7-8840c81d98aa	2048	60	ALT	G	44
L3	CLEAN	9f46cabc-22b0-4eea-99a7-8840c81d98aa	9f46cabc-22b0-4eea-99a7-8840c81d98aa	16	60	ALT	G	50
L3	CLEAN	40ae0590-2cef-4ecb-8532-8ce0b4d1411f	40ae0590-2cef-4ecb-8532-8ce0b4d1411f	0	60	REF	A	43
L3	CLEAN	1a5f3870-a928-4271-9660-75c293ba7c54	1a5f3870-a928-4271-9660-75c293ba7c54	16	60	REF	A	40
L3	CLEAN	68b0cca4-b638-4ef2-9221-e859c6e9df27	68b0cca4-b638-4ef2-9221-e859c6e9df27	16	60	ALT	G	40
L3	CLEAN	27d05f86-624f-416c-9b28-f8a7948c0c7f	27d05f86-624f-416c-9b28-f8a7948c0c7f	0	60	ALT	G	41
L3	CLEAN	27d05f86-624f-416c-9b28-f8a7948c0c7f	27d05f86-624f-416c-9b28-f8a7948c0c7f	2064	60	ALT	G	41
L3	CLEAN	b720ca7d-1453-4284-b549-b6a2d33e93e3	b720ca7d-1453-4284-b549-b6a2d33e93e3	0	60	REF	A	22
L3	CLEAN	cbed2db6-ff3f-47c8-b588-992f053a18d3	cbed2db6-ff3f-47c8-b588-992f053a18d3	0	60	ALT	G	44
L3	CLEAN	849dce37-2b2e-44b9-b812-369af71a7865	849dce37-2b2e-44b9-b812-369af71a7865	16	60	ALT	G	39
L3	CLEAN	070b586c-5218-44e3-b453-803dae5d6119	070b586c-5218-44e3-b453-803dae5d6119	0	60	REF	A	45
L3	CLEAN	357d237f-3865-4249-9650-ad6f2b30a01c	357d237f-3865-4249-9650-ad6f2b30a01c	16	60	ALT	G	50
L3	CLEAN	0a9a4a5c-6360-4300-a51e-00b3de2f5885	0a9a4a5c-6360-4300-a51e-00b3de2f5885	16	60	ALT	G	39
L3	CLEAN	1ee31d91-4a4c-4563-963c-e494fe3cc9d1	1ee31d91-4a4c-4563-963c-e494fe3cc9d1	16	60	ALT	G	17
L3	CLEAN	6134cc73-4810-4c17-bd16-1854f1f0e06b	6134cc73-4810-4c17-bd16-1854f1f0e06b	0	60	ALT	G	37
L3	CLEAN	4a66bf9c-9efe-4c79-8f57-e1034c158ddc	4a66bf9c-9efe-4c79-8f57-e1034c158ddc	16	60	REF	A	50
L3	CLEAN	7a184d8d-f8e0-49ef-9dad-719f3863155c	7a184d8d-f8e0-49ef-9dad-719f3863155c	0	60	ALT	G	43
L3	CLEAN	a42e5f59-d649-41d2-9ffa-c07daca04f56	a42e5f59-d649-41d2-9ffa-c07daca04f56	16	60	ALT	G	50
L3	CLEAN	ab673317-90c0-4649-aaf6-a690633bc0e9	ab673317-90c0-4649-aaf6-a690633bc0e9	0	60	REF	A	32
L3	CLEAN	8706ac8d-328c-425a-9cbd-fb8af99f8001	8706ac8d-328c-425a-9cbd-fb8af99f8001	16	60	REF	A	36
L3	CLEAN	1523d3ac-b602-490e-abf5-5e941d602808	1523d3ac-b602-490e-abf5-5e941d602808	0	60	REF	A	45
L3	CLEAN	2bc4d7a1-b590-4c9c-8272-68a45e6d7b1c	2bc4d7a1-b590-4c9c-8272-68a45e6d7b1c	16	60	REF	A	50
L3	CLEAN	3f702327-6c50-435f-87fd-97ba6472c09c	3f702327-6c50-435f-87fd-97ba6472c09c	2048	60	REF	A	50
L3	CLEAN	3f702327-6c50-435f-87fd-97ba6472c09c	3f702327-6c50-435f-87fd-97ba6472c09c	16	60	REF	A	20
L3	CLEAN	05f31a92-f65e-49f8-88bc-f6857f27a05a	05f31a92-f65e-49f8-88bc-f6857f27a05a	0	60	ALT	G	41
L3	CLEAN	c2589f33-d5e9-4875-b4b4-1c08b752b607	c2589f33-d5e9-4875-b4b4-1c08b752b607	16	60	ALT	G	44
L3	CLEAN	ce711f02-6612-4956-9e85-83e88a4cf9e8	ce711f02-6612-4956-9e85-83e88a4cf9e8	0	60	ALT	G	42
L3	CLEAN	508488c3-f953-4b2d-901e-98cf743f58fe	508488c3-f953-4b2d-901e-98cf743f58fe	16	60	ALT	G	44
L3	CLEAN	cc1da82d-b62c-43c2-abc5-a1a6fc223efc	cc1da82d-b62c-43c2-abc5-a1a6fc223efc	16	60	REF	A	50
L3	CLEAN	6608db75-1b2c-4883-a987-2846f60df8d8	6608db75-1b2c-4883-a987-2846f60df8d8	16	60	REF	A	50
L3	CLEAN	b77d9ed0-a362-4a1a-864f-7f53bad80cbd	b77d9ed0-a362-4a1a-864f-7f53bad80cbd	16	60	ALT	G	50
L3	CLEAN	c21286f7-7bf6-49df-bd0d-c4cef76172a6	c21286f7-7bf6-49df-bd0d-c4cef76172a6	16	60	ALT	G	48
L3	CLEAN	813e0734-ae15-4f5a-8250-7657c9de50b9	813e0734-ae15-4f5a-8250-7657c9de50b9	0	60	REF	A	50
L3	CLEAN	8f4a4c8c-7095-4d59-819b-bbd5db1ff202	8f4a4c8c-7095-4d59-819b-bbd5db1ff202	16	60	ALT	G	21
L3	CLEAN	59268f0b-2b0f-488f-a143-dea8c766a8fe	59268f0b-2b0f-488f-a143-dea8c766a8fe	0	60	REF	A	44
L3	PM5	f78ab086-1acc-4681-a693-aae32764a8ad	f78ab086-1acc-4681-a693-aae32764a8ad	0	60	REF	A	43
L3	PM5	b7e2b3c4-e012-480e-80eb-618bfba0e57a	b7e2b3c4-e012-480e-80eb-618bfba0e57a	16	60	REF	A	46
L3	PM5	1ec2cf44-ff7d-43f3-8d77-ca95364915df	1ec2cf44-ff7d-43f3-8d77-ca95364915df	0	60	REF	A	42
L3	PM5	e9f4cf71-daff-4036-839c-119916eb79f7	e9f4cf71-daff-4036-839c-119916eb79f7	0	60	REF	A	50
L3	PM5	e9f4cf71-daff-4036-839c-119916eb79f7	e9f4cf71-daff-4036-839c-119916eb79f7	2064	60	REF	A	39
L3	PM5	c84c8e7e-46fa-407e-a3ab-643e4e1758be	c84c8e7e-46fa-407e-a3ab-643e4e1758be	16	60	REF	A	41
L3	PM5	52306299-ea9c-420c-b7ae-91b4a6def804	52306299-ea9c-420c-b7ae-91b4a6def804	0	60	REF	A	42
L3	PM5	9de6d71e-fa9f-4c50-810f-c71289169549	9de6d71e-fa9f-4c50-810f-c71289169549	16	60	REF	A	50
L3	PM5	9f46cabc-22b0-4eea-99a7-8840c81d98aa	9f46cabc-22b0-4eea-99a7-8840c81d98aa	2048	60	ALT	G	44
L3	PM5	9f46cabc-22b0-4eea-99a7-8840c81d98aa	9f46cabc-22b0-4eea-99a7-8840c81d98aa	16	60	ALT	G	50
L3	PM5	40ae0590-2cef-4ecb-8532-8ce0b4d1411f	40ae0590-2cef-4ecb-8532-8ce0b4d1411f	0	60	REF	A	43
L3	PM5	1a5f3870-a928-4271-9660-75c293ba7c54	1a5f3870-a928-4271-9660-75c293ba7c54	16	60	REF	A	40
L3	PM5	68b0cca4-b638-4ef2-9221-e859c6e9df27	68b0cca4-b638-4ef2-9221-e859c6e9df27	16	60	ALT	G	40
L3	PM5	27d05f86-624f-416c-9b28-f8a7948c0c7f	27d05f86-624f-416c-9b28-f8a7948c0c7f	0	60	DELETION		
L3	PM5	27d05f86-624f-416c-9b28-f8a7948c0c7f	27d05f86-624f-416c-9b28-f8a7948c0c7f	2064	60	ALT	G	41
L3	PM5	b720ca7d-1453-4284-b549-b6a2d33e93e3	b720ca7d-1453-4284-b549-b6a2d33e93e3	0	60	REF	A	22
L3	PM5	cbed2db6-ff3f-47c8-b588-992f053a18d3	cbed2db6-ff3f-47c8-b588-992f053a18d3	0	60	ALT	G	44
L3	PM5	849dce37-2b2e-44b9-b812-369af71a7865	849dce37-2b2e-44b9-b812-369af71a7865	16	60	ALT	G	39
L3	PM5	070b586c-5218-44e3-b453-803dae5d6119	070b586c-5218-44e3-b453-803dae5d6119	0	60	REF	A	45
L3	PM5	357d237f-3865-4249-9650-ad6f2b30a01c	357d237f-3865-4249-9650-ad6f2b30a01c	16	60	REF	A	7
L3	PM5	0a9a4a5c-6360-4300-a51e-00b3de2f5885	0a9a4a5c-6360-4300-a51e-00b3de2f5885	16	60	ALT	G	39
L3	PM5	1ee31d91-4a4c-4563-963c-e494fe3cc9d1	1ee31d91-4a4c-4563-963c-e494fe3cc9d1	16	60	ALT	G	17
L3	PM5	6134cc73-4810-4c17-bd16-1854f1f0e06b	6134cc73-4810-4c17-bd16-1854f1f0e06b	0	60	DELETION		
L3	PM5	4a66bf9c-9efe-4c79-8f57-e1034c158ddc	4a66bf9c-9efe-4c79-8f57-e1034c158ddc	16	60	REF	A	50
L3	PM5	7a184d8d-f8e0-49ef-9dad-719f3863155c	7a184d8d-f8e0-49ef-9dad-719f3863155c	0	60	DELETION		
L3	PM5	a42e5f59-d649-41d2-9ffa-c07daca04f56	a42e5f59-d649-41d2-9ffa-c07daca04f56	16	60	DELETION		
L3	PM5	ab673317-90c0-4649-aaf6-a690633bc0e9	ab673317-90c0-4649-aaf6-a690633bc0e9	0	60	REF	A	32
L3	PM5	8706ac8d-328c-425a-9cbd-fb8af99f8001	8706ac8d-328c-425a-9cbd-fb8af99f8001	16	60	REF	A	36
L3	PM5	1523d3ac-b602-490e-abf5-5e941d602808	1523d3ac-b602-490e-abf5-5e941d602808	0	60	REF	A	45
L3	PM5	2bc4d7a1-b590-4c9c-8272-68a45e6d7b1c	2bc4d7a1-b590-4c9c-8272-68a45e6d7b1c	16	60	REF	A	50
L3	PM5	3f702327-6c50-435f-87fd-97ba6472c09c	3f702327-6c50-435f-87fd-97ba6472c09c	2048	60	REF	A	50
L3	PM5	3f702327-6c50-435f-87fd-97ba6472c09c	3f702327-6c50-435f-87fd-97ba6472c09c	16	60	REF	A	20
L3	PM5	05f31a92-f65e-49f8-88bc-f6857f27a05a	05f31a92-f65e-49f8-88bc-f6857f27a05a	0	60	DELETION		
L3	PM5	c2589f33-d5e9-4875-b4b4-1c08b752b607	c2589f33-d5e9-4875-b4b4-1c08b752b607	16	60	REF	A	3
L3	PM5	ce711f02-6612-4956-9e85-83e88a4cf9e8	ce711f02-6612-4956-9e85-83e88a4cf9e8	0	60	OTHER	T	33
L3	PM5	508488c3-f953-4b2d-901e-98cf743f58fe	508488c3-f953-4b2d-901e-98cf743f58fe	16	60	OTHER	T	4
L3	PM5	cc1da82d-b62c-43c2-abc5-a1a6fc223efc	cc1da82d-b62c-43c2-abc5-a1a6fc223efc	16	60	REF	A	50
L3	PM5	6608db75-1b2c-4883-a987-2846f60df8d8	6608db75-1b2c-4883-a987-2846f60df8d8	16	60	REF	A	50
L3	PM5	b77d9ed0-a362-4a1a-864f-7f53bad80cbd	b77d9ed0-a362-4a1a-864f-7f53bad80cbd	16	60	ALT	G	50
L3	PM5	c21286f7-7bf6-49df-bd0d-c4cef76172a6	c21286f7-7bf6-49df-bd0d-c4cef76172a6	16	60	REF	A	4
L3	PM5	813e0734-ae15-4f5a-8250-7657c9de50b9	813e0734-ae15-4f5a-8250-7657c9de50b9	0	60	REF	A	50
L3	PM5	8f4a4c8c-7095-4d59-819b-bbd5db1ff202	8f4a4c8c-7095-4d59-819b-bbd5db1ff202	16	60	ALT	G	21
L3	PM5	59268f0b-2b0f-488f-a143-dea8c766a8fe	59268f0b-2b0f-488f-a143-dea8c766a8fe	0	60	REF	A	44
