chrom	pos	ref	alt	truth_gt	truth_qual	total_depth	usable_ref_alt_depth	ref_count	alt_count	other_count	deletion_count	alt_fraction	balance_distance	ref_forward	ref_reverse	alt_forward	alt_reverse	strand_supported	mean_base_quality	mean_mapping_quality	other_fraction	candidate_score	status	ref_read_ids	alt_read_ids	other_read_ids	deletion_read_ids
chr2	30028664	A	G	0/1	50.0	41	41	21	20	0	0	0.4878048780487805	0.012195121951219523	11	10	9	11	1	39.90243902439025	60	0.0	218.6829268292683	PASS	0b978eca-abca-42e9-b6a5-6e984a886e65,0e5dfdfb-3eb5-45f1-92ae-a26d4069948e,0f714a24-811c-445d-a09c-ec8893004f97,1ebba8ac-df18-4238-a578-c90b69bb9536,3247635e-0ba2-4e54-8273-4bf626529489,4d133e59-46e5-43bc-bfdb-870902ed0830,4eb80529-2e83-47cc-a327-d34935f7a30b,5097addf-e7ad-458d-9ad1-120452fc4946,53dde953-f7f4-4423-b4ca-fe7d9bdb9b75,84df605f-4d0f-4b98-a099-322634b767ad,a91389b5-6ced-4d7b-855e-9dedcec4caf5,b485bd5b-2571-460f-9f40-f2a571294481,bac35cc3-0d84-4a0a-bcbf-f3e79c09f86e,c340bb98-12f3-4ac1-b2ea-83d83820943c,d15ef221-9428-410c-816f-b2b6478e7dce,dd1a04fd-db31-425b-a81f-cbbacc2418fb,f3806735-128e-4865-97e3-32eca2254621,f4505e32-7b3b-4258-8cd8-e4b8ed90fe4d,f5bd6099-66e8-4f4f-9492-41cca7b5ca97,fa18c59b-8802-424a-b501-f728932cff69,fb515498-e740-453e-bfc6-2882225152fa	0f6e0ebc-6435-496f-88f5-b7cf74e84b0d,1e5e8271-66f6-4ca6-a003-b5f9099c4dc8,62b834b1-b743-4b3f-8972-c9f87f86cb48,6d395da5-ef7d-43e7-97ff-0d2aaf486eb4,78cdbe10-d62d-4181-a33f-6c8c2d5aadca,86fd2a21-63b8-43c8-9f19-a583889b87fe,8c1bbcab-cafb-422c-bd3b-38cce9048c9d,8d6f242f-e996-4b80-bceb-c39fc6e18af3,8fd9fa72-8856-40ca-bcdd-49fa053136bb,90abd4ed-2e55-4bb9-a767-a7641138a034,940d066d-6ed5-4231-9600-c9ec1fd42445,b55d9bf7-0870-4397-8a08-0c0df181f405,c461ecfc-416e-4e3c-81f0-3532c379e918,d608c5aa-00ca-4673-a8b4-0cb205f02ad1,e411df75-b8aa-4cc4-a0ca-e36c391b32c2,ecdfc772-1828-48b6-8b9a-94be40f3c917,f2ecbf27-d769-4bf0-b8e2-58c25c52fd39,f3d98d47-fc6e-40dc-adce-5022d9ecfb88,f7c1db29-d81e-47ed-a710-c044ca0fe96d,ff01928b-5917-4c5e-98b2-834edcff3a9e		
chr2	30075071	T	G	0/1	50.0	40	40	20	20	0	0	0.5	0.0	9	11	9	11	1	36.225	60	0.0	216.225	PASS	062338c4-e376-4d7b-8512-2edc34a86461,0ef48f2e-9a56-4141-94af-6e23003c0d27,0f585eaf-16f7-465f-a622-2dd961627fce,18a5ce06-a56c-454a-8745-f1b47714aaac,26ee1651-e316-456b-86b2-b7d2da7ba3a0,3a6b3b9b-8e84-4809-bde7-84d9dbeae2b1,4616d592-5e65-4a3c-ad0a-0420ebc7da1d,52b66d0d-bd22-4d2a-b03e-cbd2d74cc0b0,823256d8-453b-4628-990e-f0a63097f722,83b651c7-bd1e-4d7d-a4eb-8543777da553,89b4f412-e67d-4f04-890e-363648cfa48d,a5d5762b-e43e-4a16-9e98-6942551e1b2a,ad1f4c93-a132-4079-bd46-f550e3d29aae,b5b96e91-9c75-4a57-9f13-0616e3b289b4,e0ab81b2-14ed-4afa-9611-ab027646d7d9,e1d4526d-e818-426f-9947-5be5809cda9a,e3d015cc-5037-438a-ae11-504c3576cf24,f11d752e-e348-401a-b706-57a2278f5189,f4245731-2bbb-49d1-9488-869796eb61ff,f818b39e-bb9b-475a-8fc9-b9956596be13	1554daef-209e-4044-815c-2da607938d81,17f0a4cd-5d9f-4346-91a7-93bd2f51b076,21e6c927-38aa-4038-8a4f-b023188bca34,3f7ae48e-1215-4114-b76b-138a4947386c,4ef7150b-2fa3-4cbc-9c7c-9412c22804f9,55062250-d029-4cd5-abef-6e5514021ed8,572ee74f-ea6a-4670-8c77-3cad13a28d4f,585db13b-99ff-42cb-b838-0dc332fcab54,6b740530-72e4-41fc-8fd6-bc4c3e212ec9,7738c701-0b97-472b-9df5-a7b2398bad1d,8d3f6347-ffa5-45ee-897c-81f3af6b3b17,92567885-c3c4-417f-901f-b7ff8e299795,a5c97186-d3d9-4056-a74a-723d3b383861,b8a66257-54c3-43fc-94aa-1f5121a32abe,cfad8935-007d-4b75-a551-ec3b5aff4f3d,e2a02f41-402b-4425-bbdc-ce4b9683c355,e92baf5d-3446-4bcf-9bd6-f2e418b7631a,eb813d26-c555-4b68-ba77-20d8f4012355,ecaf940a-0315-4c7c-a301-bd9485f9db4a,ee1a90fd-6421-494c-a424-93bfd9094072		
chr2	30092333	A	G	0/1	50.0	40	40	21	19	0	0	0.475	0.025000000000000022	10	11	11	8	1	37.875	60	0.0	215.375	PASS	00ec319d-e331-450f-bc78-8f5a6977dc48,07971d51-a4a2-4f92-81ce-09fb8803b9a0,15c70568-46c9-430d-85ee-31421d6feb9c,2ec65264-1a95-446e-911b-7e0ea4056967,30ca5a8d-4a4b-49b1-ae4b-0e560c66a48e,3552cc93-3daf-4174-8548-fcfc3fd79dc9,3eaba353-be45-4157-b464-92345b7c122f,43ae7b8f-2ae2-48a3-8592-6887f3efeeb5,52b66d0d-bd22-4d2a-b03e-cbd2d74cc0b0,65ab1518-15b9-4e41-b2b6-33dbd20bfe92,823256d8-453b-4628-990e-f0a63097f722,89b4f412-e67d-4f04-890e-363648cfa48d,8f206b21-ecc8-4a33-a50f-0f4d200eb25b,a5d5762b-e43e-4a16-9e98-6942551e1b2a,a98b2c0e-e82d-4a1f-ae1d-f8200dad130f,aed55eb4-632f-458f-9893-7ba1c6f869e2,b39d4d3f-9992-49dc-80f3-487690f96f62,ba89da23-32c0-4943-a099-ac5403a33c0d,de059579-3bd0-4282-9b3c-d81d1c91150e,e0ab81b2-14ed-4afa-9611-ab027646d7d9,ef29c994-2d68-4978-ba1f-28676a984b5b	1acc1b4b-de79-41af-a6ed-b6750e0d0ee6,2493e49b-2158-46f4-983f-17473faae805,3949d730-1706-416c-83f0-3a942acba98c,49632b1e-7444-4ef1-90bc-d8df84026e0e,572ee74f-ea6a-4670-8c77-3cad13a28d4f,585db13b-99ff-42cb-b838-0dc332fcab54,62eb8ba3-28f9-4502-bd0e-fb55d966ca8d,74e4d752-02d4-4547-868d-73bb86335e1b,7cbc58c2-3ca0-41ee-8684-7a5029a2fd9d,80297603-2aea-4dd7-bdec-75986062f4d9,884ceaa7-82f5-4aea-bf6c-0cfdcb5760f1,8d3f6347-ffa5-45ee-897c-81f3af6b3b17,92567885-c3c4-417f-901f-b7ff8e299795,9f46e50b-b0ea-4fe9-8c6d-b0d6dde1bacc,a5c97186-d3d9-4056-a74a-723d3b383861,cfad8935-007d-4b75-a551-ec3b5aff4f3d,e29c1f2d-2f3c-4d9e-a35c-641fd64dff13,ecaf940a-0315-4c7c-a301-bd9485f9db4a,f149948d-6749-4697-895d-0c8f284a2a7f		
chr2	30073996	T	G	0/1	50.0	40	40	21	19	0	0	0.475	0.025000000000000022	10	11	8	11	1	37.425	60	0.0	214.925	PASS	062338c4-e376-4d7b-8512-2edc34a86461,0ef48f2e-9a56-4141-94af-6e23003c0d27,0f585eaf-16f7-465f-a622-2dd961627fce,18a5ce06-a56c-454a-8745-f1b47714aaac,26ee1651-e316-456b-86b2-b7d2da7ba3a0,3a6b3b9b-8e84-4809-bde7-84d9dbeae2b1,4616d592-5e65-4a3c-ad0a-0420ebc7da1d,52b66d0d-bd22-4d2a-b03e-cbd2d74cc0b0,823256d8-453b-4628-990e-f0a63097f722,83b651c7-bd1e-4d7d-a4eb-8543777da553,89b4f412-e67d-4f04-890e-363648cfa48d,a5d5762b-e43e-4a16-9e98-6942551e1b2a,ad1f4c93-a132-4079-bd46-f550e3d29aae,b5b96e91-9c75-4a57-9f13-0616e3b289b4,ba48c973-5c88-46bf-87aa-3368b741d8d2,e0ab81b2-14ed-4afa-9611-ab027646d7d9,e1d4526d-e818-426f-9947-5be5809cda9a,e3d015cc-5037-438a-ae11-504c3576cf24,f11d752e-e348-401a-b706-57a2278f5189,f4245731-2bbb-49d1-9488-869796eb61ff,f818b39e-bb9b-475a-8fc9-b9956596be13	1554daef-209e-4044-815c-2da607938d81,17f0a4cd-5d9f-4346-91a7-93bd2f51b076,21e6c927-38aa-4038-8a4f-b023188bca34,3f7ae48e-1215-4114-b76b-138a4947386c,4ef7150b-2fa3-4cbc-9c7c-9412c22804f9,55062250-d029-4cd5-abef-6e5514021ed8,572ee74f-ea6a-4670-8c77-3cad13a28d4f,6b740530-72e4-41fc-8fd6-bc4c3e212ec9,7738c701-0b97-472b-9df5-a7b2398bad1d,80297603-2aea-4dd7-bdec-75986062f4d9,8d3f6347-ffa5-45ee-897c-81f3af6b3b17,92567885-c3c4-417f-901f-b7ff8e299795,b8a66257-54c3-43fc-94aa-1f5121a32abe,cfad8935-007d-4b75-a551-ec3b5aff4f3d,e2a02f41-402b-4425-bbdc-ce4b9683c355,e92baf5d-3446-4bcf-9bd6-f2e418b7631a,eb813d26-c555-4b68-ba77-20d8f4012355,ecaf940a-0315-4c7c-a301-bd9485f9db4a,ee1a90fd-6421-494c-a424-93bfd9094072		
chr2	30087933	T	C	0/1	50.0	38	38	18	20	0	0	0.5263157894736842	0.02631578947368418	7	11	12	8	1	38.3421052631579	60	0.0	213.71052631578945	PASS	00ec319d-e331-450f-bc78-8f5a6977dc48,15c70568-46c9-430d-85ee-31421d6feb9c,2916e138-a101-4f2d-8ff7-6470cf09c595,2ec65264-1a95-446e-911b-7e0ea4056967,3552cc93-3daf-4174-8548-fcfc3fd79dc9,3eaba353-be45-4157-b464-92345b7c122f,52b66d0d-bd22-4d2a-b03e-cbd2d74cc0b0,57668b44-2d28-4c0a-a4ee-ab6852505e63,65ab1518-15b9-4e41-b2b6-33dbd20bfe92,823256d8-453b-4628-990e-f0a63097f722,83b651c7-bd1e-4d7d-a4eb-8543777da553,89b4f412-e67d-4f04-890e-363648cfa48d,a5d5762b-e43e-4a16-9e98-6942551e1b2a,a98b2c0e-e82d-4a1f-ae1d-f8200dad130f,aed55eb4-632f-458f-9893-7ba1c6f869e2,cef85a16-9399-419f-b80d-be14557a00b7,e0ab81b2-14ed-4afa-9611-ab027646d7d9,ef29c994-2d68-4978-ba1f-28676a984b5b	07971d51-a4a2-4f92-81ce-09fb8803b9a0,2493e49b-2158-46f4-983f-17473faae805,3949d730-1706-416c-83f0-3a942acba98c,49632b1e-7444-4ef1-90bc-d8df84026e0e,572ee74f-ea6a-4670-8c77-3cad13a28d4f,6b740530-72e4-41fc-8fd6-bc4c3e212ec9,7cbc58c2-3ca0-41ee-8684-7a5029a2fd9d,80297603-2aea-4dd7-bdec-75986062f4d9,8d3f6347-ffa5-45ee-897c-81f3af6b3b17,92567885-c3c4-417f-901f-b7ff8e299795,9f46e50b-b0ea-4fe9-8c6d-b0d6dde1bacc,a5c97186-d3d9-4056-a74a-723d3b383861,c535b111-fc61-4cf9-9ce0-e84344bdbeaa,c9c8f104-b356-4862-80bb-2d3f90ff69d5,cfad8935-007d-4b75-a551-ec3b5aff4f3d,de059579-3bd0-4282-9b3c-d81d1c91150e,e29c1f2d-2f3c-4d9e-a35c-641fd64dff13,ec9e1d9b-ac23-48ea-88dc-612cc302c8e1,ecaf940a-0315-4c7c-a301-bd9485f9db4a,f149948d-6749-4697-895d-0c8f284a2a7f		
chr2	30081891	A	G	0/1	50.0	36	36	18	18	0	0	0.5	0.0	8	10	9	9	1	37.333333333333336	60	0.0	213.33333333333334	PASS	0dda3a26-1d7e-4a49-9241-64f2d9b84680,0ef48f2e-9a56-4141-94af-6e23003c0d27,15c70568-46c9-430d-85ee-31421d6feb9c,18a5ce06-a56c-454a-8745-f1b47714aaac,3552cc93-3daf-4174-8548-fcfc3fd79dc9,52b66d0d-bd22-4d2a-b03e-cbd2d74cc0b0,823256d8-453b-4628-990e-f0a63097f722,83b651c7-bd1e-4d7d-a4eb-8543777da553,89b4f412-e67d-4f04-890e-363648cfa48d,a5d5762b-e43e-4a16-9e98-6942551e1b2a,ab45acdc-c506-419e-ba4b-9cf1342ec7f5,cef85a16-9399-419f-b80d-be14557a00b7,d0d2c247-fb9b-4964-884b-5a618d358135,e0ab81b2-14ed-4afa-9611-ab027646d7d9,e3d015cc-5037-438a-ae11-504c3576cf24,ef29c994-2d68-4978-ba1f-28676a984b5b,f4245731-2bbb-49d1-9488-869796eb61ff,f818b39e-bb9b-475a-8fc9-b9956596be13	07971d51-a4a2-4f92-81ce-09fb8803b9a0,1554daef-209e-4044-815c-2da607938d81,17f0a4cd-5d9f-4346-91a7-93bd2f51b076,21e6c927-38aa-4038-8a4f-b023188bca34,3f7ae48e-1215-4114-b76b-138a4947386c,4ef7150b-2fa3-4cbc-9c7c-9412c22804f9,55062250-d029-4cd5-abef-6e5514021ed8,572ee74f-ea6a-4670-8c77-3cad13a28d4f,6b740530-72e4-41fc-8fd6-bc4c3e212ec9,80297603-2aea-4dd7-bdec-75986062f4d9,8d3f6347-ffa5-45ee-897c-81f3af6b3b17,92567885-c3c4-417f-901f-b7ff8e299795,a5c97186-d3d9-4056-a74a-723d3b383861,cfad8935-007d-4b75-a551-ec3b5aff4f3d,eb813d26-c555-4b68-ba77-20d8f4012355,ec9e1d9b-ac23-48ea-88dc-612cc302c8e1,ecaf940a-0315-4c7c-a301-bd9485f9db4a,ee1a90fd-6421-494c-a424-93bfd9094072		
chr2	30092220	T	C	0/1	50.0	45	45	19	26	0	0	0.5777777777777777	0.07777777777777772	8	11	16	10	1	40.86666666666667	60	0.0	213.0888888888889	PASS	00ec319d-e331-450f-bc78-8f5a6977dc48,15c70568-46c9-430d-85ee-31421d6feb9c,2ec65264-1a95-446e-911b-7e0ea4056967,30ca5a8d-4a4b-49b1-ae4b-0e560c66a48e,3552cc93-3daf-4174-8548-fcfc3fd79dc9,3eaba353-be45-4157-b464-92345b7c122f,43ae7b8f-2ae2-48a3-8592-6887f3efeeb5,52b66d0d-bd22-4d2a-b03e-cbd2d74cc0b0,65ab1518-15b9-4e41-b2b6-33dbd20bfe92,823256d8-453b-4628-990e-f0a63097f722,89b4f412-e67d-4f04-890e-363648cfa48d,8f206b21-ecc8-4a33-a50f-0f4d200eb25b,a5d5762b-e43e-4a16-9e98-6942551e1b2a,a98b2c0e-e82d-4a1f-ae1d-f8200dad130f,aed55eb4-632f-458f-9893-7ba1c6f869e2,b39d4d3f-9992-49dc-80f3-487690f96f62,ba89da23-32c0-4943-a099-ac5403a33c0d,e0ab81b2-14ed-4afa-9611-ab027646d7d9,ef29c994-2d68-4978-ba1f-28676a984b5b	07971d51-a4a2-4f92-81ce-09fb8803b9a0,1acc1b4b-de79-41af-a6ed-b6750e0d0ee6,2493e49b-2158-46f4-983f-17473faae805,3949d730-1706-416c-83f0-3a942acba98c,49632b1e-7444-4ef1-90bc-d8df84026e0e,572ee74f-ea6a-4670-8c77-3cad13a28d4f,585db13b-99ff-42cb-b838-0dc332fcab54,62eb8ba3-28f9-4502-bd0e-fb55d966ca8d,6b740530-72e4-41fc-8fd6-bc4c3e212ec9,74e4d752-02d4-4547-868d-73bb86335e1b,7cbc58c2-3ca0-41ee-8684-7a5029a2fd9d,80297603-2aea-4dd7-bdec-75986062f4d9,884ceaa7-82f5-4aea-bf6c-0cfdcb5760f1,8d3f6347-ffa5-45ee-897c-81f3af6b3b17,92567885-c3c4-417f-901f-b7ff8e299795,9f46e50b-b0ea-4fe9-8c6d-b0d6dde1bacc,a5c97186-d3d9-4056-a74a-723d3b383861,c535b111-fc61-4cf9-9ce0-e84344bdbeaa,cfad8935-007d-4b75-a551-ec3b5aff4f3d,dd86da0a-8f17-41a7-aefc-d75609aa23af,de059579-3bd0-4282-9b3c-d81d1c91150e,e29c1f2d-2f3c-4d9e-a35c-641fd64dff13,ec9e1d9b-ac23-48ea-88dc-612cc302c8e1,ecaf940a-0315-4c7c-a301-bd9485f9db4a,f149948d-6749-4697-895d-0c8f284a2a7f,f514e01d-5355-413e-b6af-8a72271fe682		
chr2	30081731	C	A	0/1	50.0	38	38	21	17	0	0	0.4473684210526316	0.05263157894736842	11	10	7	10	1	40.23684210526316	60	0.0	212.97368421052633	PASS	07971d51-a4a2-4f92-81ce-09fb8803b9a0,1554daef-209e-4044-815c-2da607938d81,17f0a4cd-5d9f-4346-91a7-93bd2f51b076,21e6c927-38aa-4038-8a4f-b023188bca34,3f7ae48e-1215-4114-b76b-138a4947386c,4ef7150b-2fa3-4cbc-9c7c-9412c22804f9,55062250-d029-4cd5-abef-6e5514021ed8,572ee74f-ea6a-4670-8c77-3cad13a28d4f,585db13b-99ff-42cb-b838-0dc332fcab54,6b740530-72e4-41fc-8fd6-bc4c3e212ec9,80297603-2aea-4dd7-bdec-75986062f4d9,8d3f6347-ffa5-45ee-897c-81f3af6b3b17,92567885-c3c4-417f-901f-b7ff8e299795,a5c97186-d3d9-4056-a74a-723d3b383861,c9c8f104-b356-4862-80bb-2d3f90ff69d5,cfad8935-007d-4b75-a551-ec3b5aff4f3d,d0d2c247-fb9b-4964-884b-5a618d358135,eb813d26-c555-4b68-ba77-20d8f4012355,ec9e1d9b-ac23-48ea-88dc-612cc302c8e1,ecaf940a-0315-4c7c-a301-bd9485f9db4a,ee1a90fd-6421-494c-a424-93bfd9094072	0dda3a26-1d7e-4a49-9241-64f2d9b84680,0ef48f2e-9a56-4141-94af-6e23003c0d27,15c70568-46c9-430d-85ee-31421d6feb9c,18a5ce06-a56c-454a-8745-f1b47714aaac,3552cc93-3daf-4174-8548-fcfc3fd79dc9,52b66d0d-bd22-4d2a-b03e-cbd2d74cc0b0,823256d8-453b-4628-990e-f0a63097f722,83b651c7-bd1e-4d7d-a4eb-8543777da553,89b4f412-e67d-4f04-890e-363648cfa48d,a5d5762b-e43e-4a16-9e98-6942551e1b2a,ab45acdc-c506-419e-ba4b-9cf1342ec7f5,cef85a16-9399-419f-b80d-be14557a00b7,e0ab81b2-14ed-4afa-9611-ab027646d7d9,e3d015cc-5037-438a-ae11-504c3576cf24,ef29c994-2d68-4978-ba1f-28676a984b5b,f4245731-2bbb-49d1-9488-869796eb61ff,f818b39e-bb9b-475a-8fc9-b9956596be13		
chr2	30008720	C	G	0/1	50.0	43	43	22	21	0	0	0.4883720930232558	0.011627906976744207	13	9	11	10	1	34	60	0.0	212.83720930232556	PASS	02e553e8-0cfc-4cab-a916-854ce8f0784a,03ae94c5-3ee8-426a-aca9-ef043fef3e53,0b978eca-abca-42e9-b6a5-6e984a886e65,23651e7a-5719-447b-b7d6-95b4b0b336d9,2fcae9b3-15da-4eb6-8163-6f5f82ec34ba,4eb80529-2e83-47cc-a327-d34935f7a30b,516b8cfc-facb-4c3f-9c1a-6467d5e80a43,54673c29-0074-4f19-8cc6-81ed731e53e2,56847125-0761-445f-a57b-4837604eea55,5b2e5afc-4bfa-411e-9065-4b3ce2728f67,6d12f6c3-35a6-4d74-a376-9e54ef46a499,89e1e29c-46f7-49fd-8afa-bc34c06b2955,97ac1a77-4cac-4e31-a038-17b1d8230039,a9b778f8-2777-4763-a0f0-103aba7f1330,c340bb98-12f3-4ac1-b2ea-83d83820943c,ccd406f5-c760-4633-8c62-511e013785e5,dc0b6492-62fd-418f-b148-199e929c78cd,dd26e79a-b962-4660-80e7-bbcb783749d6,e45bcd90-5e07-47af-b668-975eaaf9b89e,ef04b3f1-9db8-4de0-8747-00c8a3a7b8f1,f2ef7fc2-96a3-423d-a819-b7cf961b219d,fb515498-e740-453e-bfc6-2882225152fa	00e4a29e-7703-4f0d-af82-99cfca4b0ade,1e5e8271-66f6-4ca6-a003-b5f9099c4dc8,3cc78379-355f-4c01-8293-0b54ef9edfb7,47239f5b-f7f7-4066-b02b-18262a2f7310,4a90e648-b489-4bf1-85f5-46a18a6a5870,4c675666-e54b-49f7-9d62-e1040ebfee67,51c745d9-9ca0-43ba-b54e-cb2c8cbed4a3,8a6fce81-d9bf-423d-9518-e64a18068b35,8fd9fa72-8856-40ca-bcdd-49fa053136bb,91d0af24-7e50-437d-ba7d-f96e04ddfa89,99412b8b-f572-4f55-8341-4da7611da127,9c87c2db-d65d-4dd1-9143-5f23c53877cb,9e69ab27-e0ce-4b12-b24d-d6ef2a53e085,9ed75f74-c598-45ec-b408-b85100fad02f,a7937d97-35fc-4397-9840-7162c1492f45,c461ecfc-416e-4e3c-81f0-3532c379e918,c945ae47-7092-46dd-b9cd-bc96e4f5b8d6,dd26041b-a687-4417-ad2c-49437bfff941,f25678d5-85e3-491f-b13b-026cd13994d8,f3d98d47-fc6e-40dc-adce-5022d9ecfb88,f665c145-7c9d-401a-98f5-7dd55aa58517		
chr2	30081648	G	A	0/1	50.0	38	38	17	21	0	0	0.5526315789473685	0.052631578947368474	7	10	11	10	1	39.55263157894737	60	0.0	212.28947368421052	PASS	0dda3a26-1d7e-4a49-9241-64f2d9b84680,0ef48f2e-9a56-4141-94af-6e23003c0d27,15c70568-46c9-430d-85ee-31421d6feb9c,18a5ce06-a56c-454a-8745-f1b47714aaac,3552cc93-3daf-4174-8548-fcfc3fd79dc9,52b66d0d-bd22-4d2a-b03e-cbd2d74cc0b0,823256d8-453b-4628-990e-f0a63097f722,83b651c7-bd1e-4d7d-a4eb-8543777da553,89b4f412-e67d-4f04-890e-363648cfa48d,a5d5762b-e43e-4a16-9e98-6942551e1b2a,ab45acdc-c506-419e-ba4b-9cf1342ec7f5,cef85a16-9399-419f-b80d-be14557a00b7,e0ab81b2-14ed-4afa-9611-ab027646d7d9,e3d015cc-5037-438a-ae11-504c3576cf24,ef29c994-2d68-4978-ba1f-28676a984b5b,f4245731-2bbb-49d1-9488-869796eb61ff,f818b39e-bb9b-475a-8fc9-b9956596be13	07971d51-a4a2-4f92-81ce-09fb8803b9a0,1554daef-209e-4044-815c-2da607938d81,17f0a4cd-5d9f-4346-91a7-93bd2f51b076,21e6c927-38aa-4038-8a4f-b023188bca34,3f7ae48e-1215-4114-b76b-138a4947386c,4ef7150b-2fa3-4cbc-9c7c-9412c22804f9,55062250-d029-4cd5-abef-6e5514021ed8,572ee74f-ea6a-4670-8c77-3cad13a28d4f,585db13b-99ff-42cb-b838-0dc332fcab54,6b740530-72e4-41fc-8fd6-bc4c3e212ec9,80297603-2aea-4dd7-bdec-75986062f4d9,8d3f6347-ffa5-45ee-897c-81f3af6b3b17,92567885-c3c4-417f-901f-b7ff8e299795,a5c97186-d3d9-4056-a74a-723d3b383861,c9c8f104-b356-4862-80bb-2d3f90ff69d5,cfad8935-007d-4b75-a551-ec3b5aff4f3d,d0d2c247-fb9b-4964-884b-5a618d358135,eb813d26-c555-4b68-ba77-20d8f4012355,ec9e1d9b-ac23-48ea-88dc-612cc302c8e1,ecaf940a-0315-4c7c-a301-bd9485f9db4a,ee1a90fd-6421-494c-a424-93bfd9094072		
chr2	30098578	C	T	0/1	50.0	43	43	22	21	0	0	0.4883720930232558	0.011627906976744207	12	10	10	11	1	33.06976744186046	60	0.0	211.906976744186	PASS	07971d51-a4a2-4f92-81ce-09fb8803b9a0,101a697c-16d6-4f14-8cd9-529be5301b68,1acc1b4b-de79-41af-a6ed-b6750e0d0ee6,3852a1ac-021a-4575-8a9f-b001ca9dff4e,3949d730-1706-416c-83f0-3a942acba98c,49632b1e-7444-4ef1-90bc-d8df84026e0e,549079c0-a520-4255-8bc8-977c950d3f46,585db13b-99ff-42cb-b838-0dc332fcab54,62eb8ba3-28f9-4502-bd0e-fb55d966ca8d,74e4d752-02d4-4547-868d-73bb86335e1b,7cbc58c2-3ca0-41ee-8684-7a5029a2fd9d,884ceaa7-82f5-4aea-bf6c-0cfdcb5760f1,8d3f6347-ffa5-45ee-897c-81f3af6b3b17,92567885-c3c4-417f-901f-b7ff8e299795,9f46e50b-b0ea-4fe9-8c6d-b0d6dde1bacc,a0860b76-8dbd-4102-8068-a838bd9e3f0a,b0d45559-014c-4528-b254-88067ecb478f,bf50bde6-4599-45e8-82c1-b1f96eaf566c,c0ac161b-321b-45d2-8b73-05cb3dcdefbc,c535b111-fc61-4cf9-9ce0-e84344bdbeaa,e29c1f2d-2f3c-4d9e-a35c-641fd64dff13,f149948d-6749-4697-895d-0c8f284a2a7f	00ec319d-e331-450f-bc78-8f5a6977dc48,0d1b2f2f-7b08-471f-a1df-93970afe46df,1076e48c-733e-4b4b-a71f-6022253b0433,15c70568-46c9-430d-85ee-31421d6feb9c,2d8b51cd-651c-4ceb-875d-d0f7838224c1,2ec65264-1a95-446e-911b-7e0ea4056967,3552cc93-3daf-4174-8548-fcfc3fd79dc9,3eaba353-be45-4157-b464-92345b7c122f,43ae7b8f-2ae2-48a3-8592-6887f3efeeb5,48a64e29-a945-41ff-8579-7f2877d0398c,52b66d0d-bd22-4d2a-b03e-cbd2d74cc0b0,65ab1518-15b9-4e41-b2b6-33dbd20bfe92,79adcdb5-6ecc-46a8-a77c-4144cbdb0f5d,89b4f412-e67d-4f04-890e-363648cfa48d,89f2cbbc-4893-4de7-a4c8-da9eae13db35,8f206b21-ecc8-4a33-a50f-0f4d200eb25b,9d8b2296-ce08-4271-9ef1-33ed42413ea9,a98b2c0e-e82d-4a1f-ae1d-f8200dad130f,b39d4d3f-9992-49dc-80f3-487690f96f62,ba89da23-32c0-4943-a099-ac5403a33c0d,ef29c994-2d68-4978-ba1f-28676a984b5b		
chr2	30094738	A	T	0/1	50.0	42	42	24	18	0	0	0.42857142857142855	0.07142857142857145	10	14	11	7	1	38.523809523809526	60	0.0	211.38095238095238	PASS	00ec319d-e331-450f-bc78-8f5a6977dc48,07971d51-a4a2-4f92-81ce-09fb8803b9a0,1076e48c-733e-4b4b-a71f-6022253b0433,15c70568-46c9-430d-85ee-31421d6feb9c,2493e49b-2158-46f4-983f-17473faae805,2ec65264-1a95-446e-911b-7e0ea4056967,3552cc93-3daf-4174-8548-fcfc3fd79dc9,3949d730-1706-416c-83f0-3a942acba98c,3eaba353-be45-4157-b464-92345b7c122f,43ae7b8f-2ae2-48a3-8592-6887f3efeeb5,52b66d0d-bd22-4d2a-b03e-cbd2d74cc0b0,549079c0-a520-4255-8bc8-977c950d3f46,65ab1518-15b9-4e41-b2b6-33dbd20bfe92,823256d8-453b-4628-990e-f0a63097f722,89b4f412-e67d-4f04-890e-363648cfa48d,8f206b21-ecc8-4a33-a50f-0f4d200eb25b,a4127b35-48cb-4ddf-abf5-518e54351dc1,a5d5762b-e43e-4a16-9e98-6942551e1b2a,a98b2c0e-e82d-4a1f-ae1d-f8200dad130f,b39d4d3f-9992-49dc-80f3-487690f96f62,ba89da23-32c0-4943-a099-ac5403a33c0d,e0ab81b2-14ed-4afa-9611-ab027646d7d9,ecaf940a-0315-4c7c-a301-bd9485f9db4a,ef29c994-2d68-4978-ba1f-28676a984b5b	101a697c-16d6-4f14-8cd9-529be5301b68,1acc1b4b-de79-41af-a6ed-b6750e0d0ee6,43b91d99-1e77-4ca0-bd80-9fc9e92e013d,49632b1e-7444-4ef1-90bc-d8df84026e0e,585db13b-99ff-42cb-b838-0dc332fcab54,62eb8ba3-28f9-4502-bd0e-fb55d966ca8d,74e4d752-02d4-4547-868d-73bb86335e1b,7cbc58c2-3ca0-41ee-8684-7a5029a2fd9d,80297603-2aea-4dd7-bdec-75986062f4d9,884ceaa7-82f5-4aea-bf6c-0cfdcb5760f1,8d3f6347-ffa5-45ee-897c-81f3af6b3b17,92567885-c3c4-417f-901f-b7ff8e299795,9f46e50b-b0ea-4fe9-8c6d-b0d6dde1bacc,c535b111-fc61-4cf9-9ce0-e84344bdbeaa,dd86da0a-8f17-41a7-aefc-d75609aa23af,de059579-3bd0-4282-9b3c-d81d1c91150e,e29c1f2d-2f3c-4d9e-a35c-641fd64dff13,f149948d-6749-4697-895d-0c8f284a2a7f		
chr2	30083331	A	G	0/1	50.0	38	38	22	16	0	0	0.42105263157894735	0.07894736842105265	12	10	6	10	1	41.26315789473684	60	0.0	211.3684210526316	PASS	07971d51-a4a2-4f92-81ce-09fb8803b9a0,1554daef-209e-4044-815c-2da607938d81,17f0a4cd-5d9f-4346-91a7-93bd2f51b076,21e6c927-38aa-4038-8a4f-b023188bca34,3949d730-1706-416c-83f0-3a942acba98c,3f7ae48e-1215-4114-b76b-138a4947386c,49632b1e-7444-4ef1-90bc-d8df84026e0e,4ef7150b-2fa3-4cbc-9c7c-9412c22804f9,55062250-d029-4cd5-abef-6e5514021ed8,572ee74f-ea6a-4670-8c77-3cad13a28d4f,585db13b-99ff-42cb-b838-0dc332fcab54,6b740530-72e4-41fc-8fd6-bc4c3e212ec9,80297603-2aea-4dd7-bdec-75986062f4d9,8d3f6347-ffa5-45ee-897c-81f3af6b3b17,92567885-c3c4-417f-901f-b7ff8e299795,a5c97186-d3d9-4056-a74a-723d3b383861,c9c8f104-b356-4862-80bb-2d3f90ff69d5,cfad8935-007d-4b75-a551-ec3b5aff4f3d,d0d2c247-fb9b-4964-884b-5a618d358135,eb813d26-c555-4b68-ba77-20d8f4012355,ec9e1d9b-ac23-48ea-88dc-612cc302c8e1,ee1a90fd-6421-494c-a424-93bfd9094072	04f688f0-b4da-4683-91c8-6231d1abfa3d,0dda3a26-1d7e-4a49-9241-64f2d9b84680,0ef48f2e-9a56-4141-94af-6e23003c0d27,15c70568-46c9-430d-85ee-31421d6feb9c,3552cc93-3daf-4174-8548-fcfc3fd79dc9,52b66d0d-bd22-4d2a-b03e-cbd2d74cc0b0,65ab1518-15b9-4e41-b2b6-33dbd20bfe92,823256d8-453b-4628-990e-f0a63097f722,83b651c7-bd1e-4d7d-a4eb-8543777da553,89b4f412-e67d-4f04-890e-363648cfa48d,a5d5762b-e43e-4a16-9e98-6942551e1b2a,cef85a16-9399-419f-b80d-be14557a00b7,e0ab81b2-14ed-4afa-9611-ab027646d7d9,e3d015cc-5037-438a-ae11-504c3576cf24,ef29c994-2d68-4978-ba1f-28676a984b5b,f4245731-2bbb-49d1-9488-869796eb61ff		
chr2	30083530	T	C	0/1	50.0	38	38	17	21	0	0	0.5526315789473685	0.052631578947368474	6	11	11	10	1	38.55263157894737	60	0.0	211.28947368421052	PASS	04f688f0-b4da-4683-91c8-6231d1abfa3d,0dda3a26-1d7e-4a49-9241-64f2d9b84680,0ef48f2e-9a56-4141-94af-6e23003c0d27,15c70568-46c9-430d-85ee-31421d6feb9c,3552cc93-3daf-4174-8548-fcfc3fd79dc9,52b66d0d-bd22-4d2a-b03e-cbd2d74cc0b0,65ab1518-15b9-4e41-b2b6-33dbd20bfe92,823256d8-453b-4628-990e-f0a63097f722,83b651c7-bd1e-4d7d-a4eb-8543777da553,89b4f412-e67d-4f04-890e-363648cfa48d,a5d5762b-e43e-4a16-9e98-6942551e1b2a,cef85a16-9399-419f-b80d-be14557a00b7,e0ab81b2-14ed-4afa-9611-ab027646d7d9,e3d015cc-5037-438a-ae11-504c3576cf24,ec9e1d9b-ac23-48ea-88dc-612cc302c8e1,ef29c994-2d68-4978-ba1f-28676a984b5b,f4245731-2bbb-49d1-9488-869796eb61ff	07971d51-a4a2-4f92-81ce-09fb8803b9a0,1554daef-209e-4044-815c-2da607938d81,17f0a4cd-5d9f-4346-91a7-93bd2f51b076,21e6c927-38aa-4038-8a4f-b023188bca34,3949d730-1706-416c-83f0-3a942acba98c,3f7ae48e-1215-4114-b76b-138a4947386c,49632b1e-7444-4ef1-90bc-d8df84026e0e,4ef7150b-2fa3-4cbc-9c7c-9412c22804f9,55062250-d029-4cd5-abef-6e5514021ed8,572ee74f-ea6a-4670-8c77-3cad13a28d4f,585db13b-99ff-42cb-b838-0dc332fcab54,6b740530-72e4-41fc-8fd6-bc4c3e212ec9,80297603-2aea-4dd7-bdec-75986062f4d9,8d3f6347-ffa5-45ee-897c-81f3af6b3b17,92567885-c3c4-417f-901f-b7ff8e299795,a5c97186-d3d9-4056-a74a-723d3b383861,c9c8f104-b356-4862-80bb-2d3f90ff69d5,cfad8935-007d-4b75-a551-ec3b5aff4f3d,eb813d26-c555-4b68-ba77-20d8f4012355,ecaf940a-0315-4c7c-a301-bd9485f9db4a,ee1a90fd-6421-494c-a424-93bfd9094072		
chr2	30096752	A	G	0/1	50.0	42	42	24	18	0	0	0.42857142857142855	0.07142857142857145	15	9	7	11	1	38.26190476190476	60	0.0	211.11904761904762	PASS	07971d51-a4a2-4f92-81ce-09fb8803b9a0,101a697c-16d6-4f14-8cd9-529be5301b68,1acc1b4b-de79-41af-a6ed-b6750e0d0ee6,3852a1ac-021a-4575-8a9f-b001ca9dff4e,3949d730-1706-416c-83f0-3a942acba98c,49632b1e-7444-4ef1-90bc-d8df84026e0e,549079c0-a520-4255-8bc8-977c950d3f46,585db13b-99ff-42cb-b838-0dc332fcab54,5ca44a2c-70ef-4cd1-9baa-0064c03a5ad4,62eb8ba3-28f9-4502-bd0e-fb55d966ca8d,74e4d752-02d4-4547-868d-73bb86335e1b,7cbc58c2-3ca0-41ee-8684-7a5029a2fd9d,884ceaa7-82f5-4aea-bf6c-0cfdcb5760f1,89f2cbbc-4893-4de7-a4c8-da9eae13db35,8d3f6347-ffa5-45ee-897c-81f3af6b3b17,92567885-c3c4-417f-901f-b7ff8e299795,9f46e50b-b0ea-4fe9-8c6d-b0d6dde1bacc,b0d45559-014c-4528-b254-88067ecb478f,bf50bde6-4599-45e8-82c1-b1f96eaf566c,c535b111-fc61-4cf9-9ce0-e84344bdbeaa,de059579-3bd0-4282-9b3c-d81d1c91150e,e29c1f2d-2f3c-4d9e-a35c-641fd64dff13,f149948d-6749-4697-895d-0c8f284a2a7f,f4828ca5-d7ee-4292-9f36-21601c28c23c	00ec319d-e331-450f-bc78-8f5a6977dc48,1076e48c-733e-4b4b-a71f-6022253b0433,15c70568-46c9-430d-85ee-31421d6feb9c,2ec65264-1a95-446e-911b-7e0ea4056967,3552cc93-3daf-4174-8548-fcfc3fd79dc9,3eaba353-be45-4157-b464-92345b7c122f,43ae7b8f-2ae2-48a3-8592-6887f3efeeb5,48a64e29-a945-41ff-8579-7f2877d0398c,52b66d0d-bd22-4d2a-b03e-cbd2d74cc0b0,79adcdb5-6ecc-46a8-a77c-4144cbdb0f5d,89b4f412-e67d-4f04-890e-363648cfa48d,8d73fe46-4871-422d-9cb5-f2e0ca3409a6,8f206b21-ecc8-4a33-a50f-0f4d200eb25b,a98b2c0e-e82d-4a1f-ae1d-f8200dad130f,b39d4d3f-9992-49dc-80f3-487690f96f62,ba89da23-32c0-4943-a099-ac5403a33c0d,e0ab81b2-14ed-4afa-9611-ab027646d7d9,ef29c994-2d68-4978-ba1f-28676a984b5b		
chr2	30080626	T	C	0/1	50.0	37	37	20	17	0	0	0.4594594594594595	0.040540540540540515	10	10	7	10	1	37.91891891891892	60	0.0	210.86486486486484	PASS	07971d51-a4a2-4f92-81ce-09fb8803b9a0,1554daef-209e-4044-815c-2da607938d81,17f0a4cd-5d9f-4346-91a7-93bd2f51b076,21e6c927-38aa-4038-8a4f-b023188bca34,3f7ae48e-1215-4114-b76b-138a4947386c,4ef7150b-2fa3-4cbc-9c7c-9412c22804f9,55062250-d029-4cd5-abef-6e5514021ed8,572ee74f-ea6a-4670-8c77-3cad13a28d4f,585db13b-99ff-42cb-b838-0dc332fcab54,6b740530-72e4-41fc-8fd6-bc4c3e212ec9,80297603-2aea-4dd7-bdec-75986062f4d9,8d3f6347-ffa5-45ee-897c-81f3af6b3b17,92567885-c3c4-417f-901f-b7ff8e299795,a5c97186-d3d9-4056-a74a-723d3b383861,c9c8f104-b356-4862-80bb-2d3f90ff69d5,cfad8935-007d-4b75-a551-ec3b5aff4f3d,eb813d26-c555-4b68-ba77-20d8f4012355,ec9e1d9b-ac23-48ea-88dc-612cc302c8e1,ecaf940a-0315-4c7c-a301-bd9485f9db4a,ee1a90fd-6421-494c-a424-93bfd9094072	0dda3a26-1d7e-4a49-9241-64f2d9b84680,0ef48f2e-9a56-4141-94af-6e23003c0d27,15c70568-46c9-430d-85ee-31421d6feb9c,18a5ce06-a56c-454a-8745-f1b47714aaac,3552cc93-3daf-4174-8548-fcfc3fd79dc9,44bc36e9-b3e4-4bbe-a0a1-f983c5769210,52b66d0d-bd22-4d2a-b03e-cbd2d74cc0b0,823256d8-453b-4628-990e-f0a63097f722,83b651c7-bd1e-4d7d-a4eb-8543777da553,89b4f412-e67d-4f04-890e-363648cfa48d,a5d5762b-e43e-4a16-9e98-6942551e1b2a,cef85a16-9399-419f-b80d-be14557a00b7,e0ab81b2-14ed-4afa-9611-ab027646d7d9,e3d015cc-5037-438a-ae11-504c3576cf24,ef29c994-2d68-4978-ba1f-28676a984b5b,f4245731-2bbb-49d1-9488-869796eb61ff,f818b39e-bb9b-475a-8fc9-b9956596be13		
chr2	30088222	A	G	0/1	50.0	38	38	20	18	0	0	0.47368421052631576	0.026315789473684237	12	8	7	11	1	34.39473684210526	60	0.0	209.76315789473682	PASS	07971d51-a4a2-4f92-81ce-09fb8803b9a0,2493e49b-2158-46f4-983f-17473faae805,3949d730-1706-416c-83f0-3a942acba98c,49632b1e-7444-4ef1-90bc-d8df84026e0e,572ee74f-ea6a-4670-8c77-3cad13a28d4f,6b740530-72e4-41fc-8fd6-bc4c3e212ec9,7cbc58c2-3ca0-41ee-8684-7a5029a2fd9d,80297603-2aea-4dd7-bdec-75986062f4d9,8d3f6347-ffa5-45ee-897c-81f3af6b3b17,92567885-c3c4-417f-901f-b7ff8e299795,9f46e50b-b0ea-4fe9-8c6d-b0d6dde1bacc,a5c97186-d3d9-4056-a74a-723d3b383861,c535b111-fc61-4cf9-9ce0-e84344bdbeaa,c9c8f104-b356-4862-80bb-2d3f90ff69d5,cfad8935-007d-4b75-a551-ec3b5aff4f3d,de059579-3bd0-4282-9b3c-d81d1c91150e,e29c1f2d-2f3c-4d9e-a35c-641fd64dff13,ec9e1d9b-ac23-48ea-88dc-612cc302c8e1,ecaf940a-0315-4c7c-a301-bd9485f9db4a,f149948d-6749-4697-895d-0c8f284a2a7f	00ec319d-e331-450f-bc78-8f5a6977dc48,15c70568-46c9-430d-85ee-31421d6feb9c,2ec65264-1a95-446e-911b-7e0ea4056967,3552cc93-3daf-4174-8548-fcfc3fd79dc9,3eaba353-be45-4157-b464-92345b7c122f,52b66d0d-bd22-4d2a-b03e-cbd2d74cc0b0,57668b44-2d28-4c0a-a4ee-ab6852505e63,65ab1518-15b9-4e41-b2b6-33dbd20bfe92,823256d8-453b-4628-990e-f0a63097f722,83b651c7-bd1e-4d7d-a4eb-8543777da553,89b4f412-e67d-4f04-890e-363648cfa48d,a5d5762b-e43e-4a16-9e98-6942551e1b2a,a98b2c0e-e82d-4a1f-ae1d-f8200dad130f,aed55eb4-632f-458f-9893-7ba1c6f869e2,cef85a16-9399-419f-b80d-be14557a00b7,d99edd67-9050-46a5-a781-bc84f954a51c,e0ab81b2-14ed-4afa-9611-ab027646d7d9,ef29c994-2d68-4978-ba1f-28676a984b5b		
chr2	30076177	T	G	0/1	50.0	42	41	19	22	0	1	0.5365853658536586	0.03658536585365857	7	12	9	13	1	34.292682926829265	60	0.023809523809523808	209.4436701509872	PASS	0ef48f2e-9a56-4141-94af-6e23003c0d27,15c70568-46c9-430d-85ee-31421d6feb9c,18a5ce06-a56c-454a-8745-f1b47714aaac,26ee1651-e316-456b-86b2-b7d2da7ba3a0,3a6b3b9b-8e84-4809-bde7-84d9dbeae2b1,4616d592-5e65-4a3c-ad0a-0420ebc7da1d,52b66d0d-bd22-4d2a-b03e-cbd2d74cc0b0,823256d8-453b-4628-990e-f0a63097f722,83b651c7-bd1e-4d7d-a4eb-8543777da553,89b4f412-e67d-4f04-890e-363648cfa48d,8e063801-dc40-474b-94d2-b250849b80a3,a5d5762b-e43e-4a16-9e98-6942551e1b2a,ad1f4c93-a132-4079-bd46-f550e3d29aae,cef85a16-9399-419f-b80d-be14557a00b7,e0ab81b2-14ed-4afa-9611-ab027646d7d9,e1d4526d-e818-426f-9947-5be5809cda9a,e3d015cc-5037-438a-ae11-504c3576cf24,f4245731-2bbb-49d1-9488-869796eb61ff,f818b39e-bb9b-475a-8fc9-b9956596be13	1554daef-209e-4044-815c-2da607938d81,17f0a4cd-5d9f-4346-91a7-93bd2f51b076,21e6c927-38aa-4038-8a4f-b023188bca34,3f7ae48e-1215-4114-b76b-138a4947386c,4ef7150b-2fa3-4cbc-9c7c-9412c22804f9,55062250-d029-4cd5-abef-6e5514021ed8,572ee74f-ea6a-4670-8c77-3cad13a28d4f,585db13b-99ff-42cb-b838-0dc332fcab54,6b740530-72e4-41fc-8fd6-bc4c3e212ec9,7738c701-0b97-472b-9df5-a7b2398bad1d,80297603-2aea-4dd7-bdec-75986062f4d9,92567885-c3c4-417f-901f-b7ff8e299795,a5c97186-d3d9-4056-a74a-723d3b383861,b8a66257-54c3-43fc-94aa-1f5121a32abe,ba0077a2-9a87-4b49-b0e5-b71a53293782,c9c8f104-b356-4862-80bb-2d3f90ff69d5,cfad8935-007d-4b75-a551-ec3b5aff4f3d,e2a02f41-402b-4425-bbdc-ce4b9683c355,e92baf5d-3446-4bcf-9bd6-f2e418b7631a,eb813d26-c555-4b68-ba77-20d8f4012355,ecaf940a-0315-4c7c-a301-bd9485f9db4a,ee1a90fd-6421-494c-a424-93bfd9094072		8d3f6347-ffa5-45ee-897c-81f3af6b3b17
chr2	30079870	C	T	0/1	50.0	37	37	17	20	0	0	0.5405405405405406	0.04054054054054057	6	11	10	10	1	36.351351351351354	60	0.0	209.2972972972973	PASS	0dda3a26-1d7e-4a49-9241-64f2d9b84680,0ef48f2e-9a56-4141-94af-6e23003c0d27,15c70568-46c9-430d-85ee-31421d6feb9c,18a5ce06-a56c-454a-8745-f1b47714aaac,3552cc93-3daf-4174-8548-fcfc3fd79dc9,52b66d0d-bd22-4d2a-b03e-cbd2d74cc0b0,7bb2b1eb-e75c-496c-819c-6cff86aba08a,83b651c7-bd1e-4d7d-a4eb-8543777da553,89b4f412-e67d-4f04-890e-363648cfa48d,a5d5762b-e43e-4a16-9e98-6942551e1b2a,cef85a16-9399-419f-b80d-be14557a00b7,e0ab81b2-14ed-4afa-9611-ab027646d7d9,e3d015cc-5037-438a-ae11-504c3576cf24,ec9e1d9b-ac23-48ea-88dc-612cc302c8e1,ef29c994-2d68-4978-ba1f-28676a984b5b,f4245731-2bbb-49d1-9488-869796eb61ff,f818b39e-bb9b-475a-8fc9-b9956596be13	07971d51-a4a2-4f92-81ce-09fb8803b9a0,1554daef-209e-4044-815c-2da607938d81,17f0a4cd-5d9f-4346-91a7-93bd2f51b076,21e6c927-38aa-4038-8a4f-b023188bca34,3f7ae48e-1215-4114-b76b-138a4947386c,4ef7150b-2fa3-4cbc-9c7c-9412c22804f9,55062250-d029-4cd5-abef-6e5514021ed8,585db13b-99ff-42cb-b838-0dc332fcab54,6b740530-72e4-41fc-8fd6-bc4c3e212ec9,80297603-2aea-4dd7-bdec-75986062f4d9,8d3f6347-ffa5-45ee-897c-81f3af6b3b17,92567885-c3c4-417f-901f-b7ff8e299795,a5c97186-d3d9-4056-a74a-723d3b383861,b8a66257-54c3-43fc-94aa-1f5121a32abe,c9c8f104-b356-4862-80bb-2d3f90ff69d5,cfad8935-007d-4b75-a551-ec3b5aff4f3d,e2a02f41-402b-4425-bbdc-ce4b9683c355,eb813d26-c555-4b68-ba77-20d8f4012355,ecaf940a-0315-4c7c-a301-bd9485f9db4a,ee1a90fd-6421-494c-a424-93bfd9094072		
chr2	30088886	G	A	0/1	50.0	36	36	20	16	0	0	0.4444444444444444	0.05555555555555558	12	8	5	11	1	38.30555555555556	60	0.0	208.75	PASS	07971d51-a4a2-4f92-81ce-09fb8803b9a0,2493e49b-2158-46f4-983f-17473faae805,3949d730-1706-416c-83f0-3a942acba98c,49632b1e-7444-4ef1-90bc-d8df84026e0e,572ee74f-ea6a-4670-8c77-3cad13a28d4f,6b740530-72e4-41fc-8fd6-bc4c3e212ec9,7cbc58c2-3ca0-41ee-8684-7a5029a2fd9d,80297603-2aea-4dd7-bdec-75986062f4d9,8d3f6347-ffa5-45ee-897c-81f3af6b3b17,92567885-c3c4-417f-901f-b7ff8e299795,9f46e50b-b0ea-4fe9-8c6d-b0d6dde1bacc,a5c97186-d3d9-4056-a74a-723d3b383861,c535b111-fc61-4cf9-9ce0-e84344bdbeaa,c9c8f104-b356-4862-80bb-2d3f90ff69d5,cfad8935-007d-4b75-a551-ec3b5aff4f3d,de059579-3bd0-4282-9b3c-d81d1c91150e,e29c1f2d-2f3c-4d9e-a35c-641fd64dff13,ec9e1d9b-ac23-48ea-88dc-612cc302c8e1,ecaf940a-0315-4c7c-a301-bd9485f9db4a,f149948d-6749-4697-895d-0c8f284a2a7f	00ec319d-e331-450f-bc78-8f5a6977dc48,15c70568-46c9-430d-85ee-31421d6feb9c,2ec65264-1a95-446e-911b-7e0ea4056967,3552cc93-3daf-4174-8548-fcfc3fd79dc9,3eaba353-be45-4157-b464-92345b7c122f,52b66d0d-bd22-4d2a-b03e-cbd2d74cc0b0,57668b44-2d28-4c0a-a4ee-ab6852505e63,65ab1518-15b9-4e41-b2b6-33dbd20bfe92,83b651c7-bd1e-4d7d-a4eb-8543777da553,89b4f412-e67d-4f04-890e-363648cfa48d,9cb4a70f-9b57-4442-901f-9de58da489bb,a5d5762b-e43e-4a16-9e98-6942551e1b2a,a98b2c0e-e82d-4a1f-ae1d-f8200dad130f,cef85a16-9399-419f-b80d-be14557a00b7,e0ab81b2-14ed-4afa-9611-ab027646d7d9,ef29c994-2d68-4978-ba1f-28676a984b5b		
chr2	30095182	T	C	0/1	50.0	38	38	17	21	0	0	0.5526315789473685	0.052631578947368474	7	10	11	10	1	35.73684210526316	60	0.0	208.4736842105263	PASS	00ec319d-e331-450f-bc78-8f5a6977dc48,1076e48c-733e-4b4b-a71f-6022253b0433,15c70568-46c9-430d-85ee-31421d6feb9c,2ec65264-1a95-446e-911b-7e0ea4056967,3552cc93-3daf-4174-8548-fcfc3fd79dc9,3eaba353-be45-4157-b464-92345b7c122f,43ae7b8f-2ae2-48a3-8592-6887f3efeeb5,52b66d0d-bd22-4d2a-b03e-cbd2d74cc0b0,65ab1518-15b9-4e41-b2b6-33dbd20bfe92,89b4f412-e67d-4f04-890e-363648cfa48d,8f206b21-ecc8-4a33-a50f-0f4d200eb25b,a4127b35-48cb-4ddf-abf5-518e54351dc1,a98b2c0e-e82d-4a1f-ae1d-f8200dad130f,b39d4d3f-9992-49dc-80f3-487690f96f62,ba89da23-32c0-4943-a099-ac5403a33c0d,e0ab81b2-14ed-4afa-9611-ab027646d7d9,ef29c994-2d68-4978-ba1f-28676a984b5b	07971d51-a4a2-4f92-81ce-09fb8803b9a0,101a697c-16d6-4f14-8cd9-529be5301b68,3949d730-1706-416c-83f0-3a942acba98c,49632b1e-7444-4ef1-90bc-d8df84026e0e,549079c0-a520-4255-8bc8-977c950d3f46,62eb8ba3-28f9-4502-bd0e-fb55d966ca8d,66027a04-9c9b-4fc5-b699-d1af58fd6ffc,74e4d752-02d4-4547-868d-73bb86335e1b,7cbc58c2-3ca0-41ee-8684-7a5029a2fd9d,80297603-2aea-4dd7-bdec-75986062f4d9,884ceaa7-82f5-4aea-bf6c-0cfdcb5760f1,8d3f6347-ffa5-45ee-897c-81f3af6b3b17,92567885-c3c4-417f-901f-b7ff8e299795,9f46e50b-b0ea-4fe9-8c6d-b0d6dde1bacc,c535b111-fc61-4cf9-9ce0-e84344bdbeaa,dd86da0a-8f17-41a7-aefc-d75609aa23af,de059579-3bd0-4282-9b3c-d81d1c91150e,e29c1f2d-2f3c-4d9e-a35c-641fd64dff13,ec9e1d9b-ac23-48ea-88dc-612cc302c8e1,ecaf940a-0315-4c7c-a301-bd9485f9db4a,f149948d-6749-4697-895d-0c8f284a2a7f		
chr2	30092781	A	G	0/1	50.0	42	41	18	23	0	1	0.5609756097560976	0.060975609756097615	8	10	14	9	1	35.53658536585366	60	0.023809523809523808	208.24854819976767	PASS	00ec319d-e331-450f-bc78-8f5a6977dc48,15c70568-46c9-430d-85ee-31421d6feb9c,2ec65264-1a95-446e-911b-7e0ea4056967,3552cc93-3daf-4174-8548-fcfc3fd79dc9,3eaba353-be45-4157-b464-92345b7c122f,43ae7b8f-2ae2-48a3-8592-6887f3efeeb5,52b66d0d-bd22-4d2a-b03e-cbd2d74cc0b0,65ab1518-15b9-4e41-b2b6-33dbd20bfe92,823256d8-453b-4628-990e-f0a63097f722,89b4f412-e67d-4f04-890e-363648cfa48d,8f206b21-ecc8-4a33-a50f-0f4d200eb25b,a98b2c0e-e82d-4a1f-ae1d-f8200dad130f,aed55eb4-632f-458f-9893-7ba1c6f869e2,b39d4d3f-9992-49dc-80f3-487690f96f62,ba89da23-32c0-4943-a099-ac5403a33c0d,d20728c8-764e-491e-b1c8-057bc07abfb1,e0ab81b2-14ed-4afa-9611-ab027646d7d9,ef29c994-2d68-4978-ba1f-28676a984b5b	07971d51-a4a2-4f92-81ce-09fb8803b9a0,1acc1b4b-de79-41af-a6ed-b6750e0d0ee6,2493e49b-2158-46f4-983f-17473faae805,3949d730-1706-416c-83f0-3a942acba98c,49632b1e-7444-4ef1-90bc-d8df84026e0e,572ee74f-ea6a-4670-8c77-3cad13a28d4f,585db13b-99ff-42cb-b838-0dc332fcab54,62eb8ba3-28f9-4502-bd0e-fb55d966ca8d,6b740530-72e4-41fc-8fd6-bc4c3e212ec9,74e4d752-02d4-4547-868d-73bb86335e1b,7cbc58c2-3ca0-41ee-8684-7a5029a2fd9d,80297603-2aea-4dd7-bdec-75986062f4d9,884ceaa7-82f5-4aea-bf6c-0cfdcb5760f1,8d3f6347-ffa5-45ee-897c-81f3af6b3b17,92567885-c3c4-417f-901f-b7ff8e299795,9f46e50b-b0ea-4fe9-8c6d-b0d6dde1bacc,a5c97186-d3d9-4056-a74a-723d3b383861,c535b111-fc61-4cf9-9ce0-e84344bdbeaa,cfad8935-007d-4b75-a551-ec3b5aff4f3d,e29c1f2d-2f3c-4d9e-a35c-641fd64dff13,ec9e1d9b-ac23-48ea-88dc-612cc302c8e1,ecaf940a-0315-4c7c-a301-bd9485f9db4a,f149948d-6749-4697-895d-0c8f284a2a7f		dd86da0a-8f17-41a7-aefc-d75609aa23af
chr2	30075505	T	A	0/1	50.0	39	39	17	22	0	0	0.5641025641025641	0.0641025641025641	9	8	9	13	1	35.58974358974359	60	0.0	208.17948717948718	PASS	062338c4-e376-4d7b-8512-2edc34a86461,0ef48f2e-9a56-4141-94af-6e23003c0d27,0f585eaf-16f7-465f-a622-2dd961627fce,18a5ce06-a56c-454a-8745-f1b47714aaac,26ee1651-e316-456b-86b2-b7d2da7ba3a0,52b66d0d-bd22-4d2a-b03e-cbd2d74cc0b0,823256d8-453b-4628-990e-f0a63097f722,83b651c7-bd1e-4d7d-a4eb-8543777da553,a5d5762b-e43e-4a16-9e98-6942551e1b2a,ad1f4c93-a132-4079-bd46-f550e3d29aae,e0ab81b2-14ed-4afa-9611-ab027646d7d9,e1d4526d-e818-426f-9947-5be5809cda9a,e3d015cc-5037-438a-ae11-504c3576cf24,ec641adf-9f16-4470-bf92-0b37ede88d04,f11d752e-e348-401a-b706-57a2278f5189,f4245731-2bbb-49d1-9488-869796eb61ff,f818b39e-bb9b-475a-8fc9-b9956596be13	1554daef-209e-4044-815c-2da607938d81,17f0a4cd-5d9f-4346-91a7-93bd2f51b076,21e6c927-38aa-4038-8a4f-b023188bca34,3f7ae48e-1215-4114-b76b-138a4947386c,4ef7150b-2fa3-4cbc-9c7c-9412c22804f9,572ee74f-ea6a-4670-8c77-3cad13a28d4f,585db13b-99ff-42cb-b838-0dc332fcab54,6b740530-72e4-41fc-8fd6-bc4c3e212ec9,7738c701-0b97-472b-9df5-a7b2398bad1d,80297603-2aea-4dd7-bdec-75986062f4d9,8d3f6347-ffa5-45ee-897c-81f3af6b3b17,92567885-c3c4-417f-901f-b7ff8e299795,a5c97186-d3d9-4056-a74a-723d3b383861,b8a66257-54c3-43fc-94aa-1f5121a32abe,ba0077a2-9a87-4b49-b0e5-b71a53293782,c9c8f104-b356-4862-80bb-2d3f90ff69d5,cfad8935-007d-4b75-a551-ec3b5aff4f3d,e2a02f41-402b-4425-bbdc-ce4b9683c355,e92baf5d-3446-4bcf-9bd6-f2e418b7631a,eb813d26-c555-4b68-ba77-20d8f4012355,ecaf940a-0315-4c7c-a301-bd9485f9db4a,ee1a90fd-6421-494c-a424-93bfd9094072		
chr2	30096654	C	T	0/1	50.0	41	39	21	18	1	1	0.46153846153846156	0.038461538461538436	11	10	8	10	1	33.45	60	0.04878048780487805	207.16482176360228	PASS	07971d51-a4a2-4f92-81ce-09fb8803b9a0,101a697c-16d6-4f14-8cd9-529be5301b68,1acc1b4b-de79-41af-a6ed-b6750e0d0ee6,3852a1ac-021a-4575-8a9f-b001ca9dff4e,3949d730-1706-416c-83f0-3a942acba98c,49632b1e-7444-4ef1-90bc-d8df84026e0e,549079c0-a520-4255-8bc8-977c950d3f46,5ca44a2c-70ef-4cd1-9baa-0064c03a5ad4,62eb8ba3-28f9-4502-bd0e-fb55d966ca8d,74e4d752-02d4-4547-868d-73bb86335e1b,884ceaa7-82f5-4aea-bf6c-0cfdcb5760f1,8d3f6347-ffa5-45ee-897c-81f3af6b3b17,92567885-c3c4-417f-901f-b7ff8e299795,9f46e50b-b0ea-4fe9-8c6d-b0d6dde1bacc,b0d45559-014c-4528-b254-88067ecb478f,bf50bde6-4599-45e8-82c1-b1f96eaf566c,c535b111-fc61-4cf9-9ce0-e84344bdbeaa,de059579-3bd0-4282-9b3c-d81d1c91150e,ec9e1d9b-ac23-48ea-88dc-612cc302c8e1,f149948d-6749-4697-895d-0c8f284a2a7f,f4828ca5-d7ee-4292-9f36-21601c28c23c	00ec319d-e331-450f-bc78-8f5a6977dc48,1076e48c-733e-4b4b-a71f-6022253b0433,15c70568-46c9-430d-85ee-31421d6feb9c,2ec65264-1a95-446e-911b-7e0ea4056967,3552cc93-3daf-4174-8548-fcfc3fd79dc9,3eaba353-be45-4157-b464-92345b7c122f,43ae7b8f-2ae2-48a3-8592-6887f3efeeb5,48a64e29-a945-41ff-8579-7f2877d0398c,52b66d0d-bd22-4d2a-b03e-cbd2d74cc0b0,79adcdb5-6ecc-46a8-a77c-4144cbdb0f5d,89b4f412-e67d-4f04-890e-363648cfa48d,89f2cbbc-4893-4de7-a4c8-da9eae13db35,8f206b21-ecc8-4a33-a50f-0f4d200eb25b,a870cd74-2157-4886-a153-11266bde1132,b39d4d3f-9992-49dc-80f3-487690f96f62,ba89da23-32c0-4943-a099-ac5403a33c0d,e0ab81b2-14ed-4afa-9611-ab027646d7d9,ef29c994-2d68-4978-ba1f-28676a984b5b	e29c1f2d-2f3c-4d9e-a35c-641fd64dff13	65ab1518-15b9-4e41-b2b6-33dbd20bfe92
chr2	30020606	C	T	0/1	50.0	42	42	24	18	0	0	0.42857142857142855	0.07142857142857145	13	11	11	7	1	33.833333333333336	60	0.0	206.6904761904762	PASS	02e553e8-0cfc-4cab-a916-854ce8f0784a,0b978eca-abca-42e9-b6a5-6e984a886e65,0f714a24-811c-445d-a09c-ec8893004f97,23651e7a-5719-447b-b7d6-95b4b0b336d9,4eb80529-2e83-47cc-a327-d34935f7a30b,5097addf-e7ad-458d-9ad1-120452fc4946,53dde953-f7f4-4423-b4ca-fe7d9bdb9b75,54673c29-0074-4f19-8cc6-81ed731e53e2,586cb8ae-e5aa-40cb-9d60-1b2fbdb9c6af,5b2e5afc-4bfa-411e-9065-4b3ce2728f67,6d12f6c3-35a6-4d74-a376-9e54ef46a499,794fb3ac-2564-4470-9d4d-abe957df6439,8afa3a84-91bb-45ca-bea6-d721ad68d79b,97ac1a77-4cac-4e31-a038-17b1d8230039,a9cabb07-15ae-4970-a44e-87e0172ec7c1,bac35cc3-0d84-4a0a-bcbf-f3e79c09f86e,c340bb98-12f3-4ac1-b2ea-83d83820943c,d15ef221-9428-410c-816f-b2b6478e7dce,dd1a04fd-db31-425b-a81f-cbbacc2418fb,dd26e79a-b962-4660-80e7-bbcb783749d6,f3806735-128e-4865-97e3-32eca2254621,f5bd6099-66e8-4f4f-9492-41cca7b5ca97,fa18c59b-8802-424a-b501-f728932cff69,fb515498-e740-453e-bfc6-2882225152fa	0a2e57dc-1f3e-442b-917f-d5767167d999,17a93178-3efb-4bc5-b152-45f5a942f38d,4c675666-e54b-49f7-9d62-e1040ebfee67,60301783-42fd-4413-99c3-688db5039ed5,6d395da5-ef7d-43e7-97ff-0d2aaf486eb4,86fd2a21-63b8-43c8-9f19-a583889b87fe,8c1bbcab-cafb-422c-bd3b-38cce9048c9d,8d6f242f-e996-4b80-bceb-c39fc6e18af3,8fd9fa72-8856-40ca-bcdd-49fa053136bb,940d066d-6ed5-4231-9600-c9ec1fd42445,9e69ab27-e0ce-4b12-b24d-d6ef2a53e085,c461ecfc-416e-4e3c-81f0-3532c379e918,d608c5aa-00ca-4673-a8b4-0cb205f02ad1,e411df75-b8aa-4cc4-a0ca-e36c391b32c2,ecdfc772-1828-48b6-8b9a-94be40f3c917,f3d98d47-fc6e-40dc-adce-5022d9ecfb88,f665c145-7c9d-401a-98f5-7dd55aa58517,ff01928b-5917-4c5e-98b2-834edcff3a9e		
chr2	30038020	T	C	0/1	50.0	38	38	20	18	0	0	0.47368421052631576	0.026315789473684237	12	8	7	11	1	31.31578947368421	60	0.0	206.68421052631578	PASS	0b978eca-abca-42e9-b6a5-6e984a886e65,0f714a24-811c-445d-a09c-ec8893004f97,10ec484a-d244-4a1f-9e4f-3e9a87de2124,111b71d1-e25f-46e1-92b1-9b7e6e9c3379,130333fe-27c5-4768-a259-4aae23b1cb53,293a3fd8-cec9-4404-aff7-89969351b9d2,3247635e-0ba2-4e54-8273-4bf626529489,4d133e59-46e5-43bc-bfdb-870902ed0830,53dde953-f7f4-4423-b4ca-fe7d9bdb9b75,7f63e89d-3a7f-4de4-976e-3c724f3d8b75,84df605f-4d0f-4b98-a099-322634b767ad,8aa73870-229a-4dc4-a724-78b76f063a30,a91389b5-6ced-4d7b-855e-9dedcec4caf5,bac35cc3-0d84-4a0a-bcbf-f3e79c09f86e,c3b2020e-8558-48c5-8c6e-bf1bfeefe418,d15ef221-9428-410c-816f-b2b6478e7dce,f3806735-128e-4865-97e3-32eca2254621,f4505e32-7b3b-4258-8cd8-e4b8ed90fe4d,fa18c59b-8802-424a-b501-f728932cff69,fe5a5d12-e94d-4910-bca5-75affb0ed992	03adc195-e3fe-43a8-bec3-bbb69e4ebfa9,07235892-a1a4-4fec-aec3-2a29825760cd,3ba4df59-0614-42b3-a72a-bfd2f2d15677,62b834b1-b743-4b3f-8972-c9f87f86cb48,6d395da5-ef7d-43e7-97ff-0d2aaf486eb4,78b44e34-2efe-498a-977d-3ab349b747c4,7cc64f65-686d-46e8-a997-658982e19309,86fd2a21-63b8-43c8-9f19-a583889b87fe,940d066d-6ed5-4231-9600-c9ec1fd42445,b55d9bf7-0870-4397-8a08-0c0df181f405,bee4d13c-6d1a-44b0-91ca-e824e22746e1,e17da7b5-f13f-4af8-b2c9-44b29270240c,e411df75-b8aa-4cc4-a0ca-e36c391b32c2,e79d1418-10ee-447f-a183-462347d74085,ecdfc772-1828-48b6-8b9a-94be40f3c917,f2ecbf27-d769-4bf0-b8e2-58c25c52fd39,f7c1db29-d81e-47ed-a710-c044ca0fe96d,ff01928b-5917-4c5e-98b2-834edcff3a9e		
chr2	30095215	G	A	0/1	50.0	36	35	17	18	0	1	0.5142857142857142	0.014285714285714235	7	10	7	11	1	33.285714285714285	60	0.027777777777777776	206.46825396825398	PASS	07971d51-a4a2-4f92-81ce-09fb8803b9a0,101a697c-16d6-4f14-8cd9-529be5301b68,1acc1b4b-de79-41af-a6ed-b6750e0d0ee6,3852a1ac-021a-4575-8a9f-b001ca9dff4e,49632b1e-7444-4ef1-90bc-d8df84026e0e,549079c0-a520-4255-8bc8-977c950d3f46,62eb8ba3-28f9-4502-bd0e-fb55d966ca8d,66027a04-9c9b-4fc5-b699-d1af58fd6ffc,884ceaa7-82f5-4aea-bf6c-0cfdcb5760f1,8d3f6347-ffa5-45ee-897c-81f3af6b3b17,92567885-c3c4-417f-901f-b7ff8e299795,9f46e50b-b0ea-4fe9-8c6d-b0d6dde1bacc,c535b111-fc61-4cf9-9ce0-e84344bdbeaa,dd86da0a-8f17-41a7-aefc-d75609aa23af,e29c1f2d-2f3c-4d9e-a35c-641fd64dff13,ecaf940a-0315-4c7c-a301-bd9485f9db4a,f149948d-6749-4697-895d-0c8f284a2a7f	00ec319d-e331-450f-bc78-8f5a6977dc48,1076e48c-733e-4b4b-a71f-6022253b0433,15c70568-46c9-430d-85ee-31421d6feb9c,2ec65264-1a95-446e-911b-7e0ea4056967,3552cc93-3daf-4174-8548-fcfc3fd79dc9,3eaba353-be45-4157-b464-92345b7c122f,43ae7b8f-2ae2-48a3-8592-6887f3efeeb5,52b66d0d-bd22-4d2a-b03e-cbd2d74cc0b0,65ab1518-15b9-4e41-b2b6-33dbd20bfe92,89b4f412-e67d-4f04-890e-363648cfa48d,8f206b21-ecc8-4a33-a50f-0f4d200eb25b,a4127b35-48cb-4ddf-abf5-518e54351dc1,a5d5762b-e43e-4a16-9e98-6942551e1b2a,a98b2c0e-e82d-4a1f-ae1d-f8200dad130f,b39d4d3f-9992-49dc-80f3-487690f96f62,ba89da23-32c0-4943-a099-ac5403a33c0d,e0ab81b2-14ed-4afa-9611-ab027646d7d9,ef29c994-2d68-4978-ba1f-28676a984b5b		7cbc58c2-3ca0-41ee-8684-7a5029a2fd9d
chr2	30082457	A	G	0/1	50.0	36	36	17	19	0	0	0.5277777777777778	0.02777777777777779	7	10	10	9	1	32.833333333333336	60	0.0	206.05555555555557	PASS	0dda3a26-1d7e-4a49-9241-64f2d9b84680,0ef48f2e-9a56-4141-94af-6e23003c0d27,15c70568-46c9-430d-85ee-31421d6feb9c,3552cc93-3daf-4174-8548-fcfc3fd79dc9,52b66d0d-bd22-4d2a-b03e-cbd2d74cc0b0,65ab1518-15b9-4e41-b2b6-33dbd20bfe92,823256d8-453b-4628-990e-f0a63097f722,83b651c7-bd1e-4d7d-a4eb-8543777da553,89b4f412-e67d-4f04-890e-363648cfa48d,a5d5762b-e43e-4a16-9e98-6942551e1b2a,ab45acdc-c506-419e-ba4b-9cf1342ec7f5,cef85a16-9399-419f-b80d-be14557a00b7,d0d2c247-fb9b-4964-884b-5a618d358135,e0ab81b2-14ed-4afa-9611-ab027646d7d9,e3d015cc-5037-438a-ae11-504c3576cf24,ef29c994-2d68-4978-ba1f-28676a984b5b,f4245731-2bbb-49d1-9488-869796eb61ff	07971d51-a4a2-4f92-81ce-09fb8803b9a0,1554daef-209e-4044-815c-2da607938d81,17f0a4cd-5d9f-4346-91a7-93bd2f51b076,21e6c927-38aa-4038-8a4f-b023188bca34,3f7ae48e-1215-4114-b76b-138a4947386c,4ef7150b-2fa3-4cbc-9c7c-9412c22804f9,55062250-d029-4cd5-abef-6e5514021ed8,572ee74f-ea6a-4670-8c77-3cad13a28d4f,585db13b-99ff-42cb-b838-0dc332fcab54,6b740530-72e4-41fc-8fd6-bc4c3e212ec9,80297603-2aea-4dd7-bdec-75986062f4d9,8d3f6347-ffa5-45ee-897c-81f3af6b3b17,92567885-c3c4-417f-901f-b7ff8e299795,a5c97186-d3d9-4056-a74a-723d3b383861,c9c8f104-b356-4862-80bb-2d3f90ff69d5,cfad8935-007d-4b75-a551-ec3b5aff4f3d,eb813d26-c555-4b68-ba77-20d8f4012355,ec9e1d9b-ac23-48ea-88dc-612cc302c8e1,ee1a90fd-6421-494c-a424-93bfd9094072		
chr2	30085847	C	T	0/1	50.0	33	33	16	17	0	0	0.5151515151515151	0.015151515151515138	9	7	6	11	1	34.515151515151516	60	0.0	206.0	PASS	07971d51-a4a2-4f92-81ce-09fb8803b9a0,1554daef-209e-4044-815c-2da607938d81,2493e49b-2158-46f4-983f-17473faae805,3949d730-1706-416c-83f0-3a942acba98c,3f7ae48e-1215-4114-b76b-138a4947386c,49632b1e-7444-4ef1-90bc-d8df84026e0e,572ee74f-ea6a-4670-8c77-3cad13a28d4f,585db13b-99ff-42cb-b838-0dc332fcab54,6b740530-72e4-41fc-8fd6-bc4c3e212ec9,7cbc58c2-3ca0-41ee-8684-7a5029a2fd9d,8d3f6347-ffa5-45ee-897c-81f3af6b3b17,92567885-c3c4-417f-901f-b7ff8e299795,a5c97186-d3d9-4056-a74a-723d3b383861,c9c8f104-b356-4862-80bb-2d3f90ff69d5,cfad8935-007d-4b75-a551-ec3b5aff4f3d,ecaf940a-0315-4c7c-a301-bd9485f9db4a	0ef48f2e-9a56-4141-94af-6e23003c0d27,15c70568-46c9-430d-85ee-31421d6feb9c,2ec65264-1a95-446e-911b-7e0ea4056967,3552cc93-3daf-4174-8548-fcfc3fd79dc9,3eaba353-be45-4157-b464-92345b7c122f,52b66d0d-bd22-4d2a-b03e-cbd2d74cc0b0,55a2d8d6-7c5e-4432-be99-ba4b698eaa2c,57668b44-2d28-4c0a-a4ee-ab6852505e63,65ab1518-15b9-4e41-b2b6-33dbd20bfe92,823256d8-453b-4628-990e-f0a63097f722,83b651c7-bd1e-4d7d-a4eb-8543777da553,89b4f412-e67d-4f04-890e-363648cfa48d,a5d5762b-e43e-4a16-9e98-6942551e1b2a,a98b2c0e-e82d-4a1f-ae1d-f8200dad130f,cef85a16-9399-419f-b80d-be14557a00b7,e0ab81b2-14ed-4afa-9611-ab027646d7d9,ef29c994-2d68-4978-ba1f-28676a984b5b		
chr2	30096765	G	A	0/1	50.0	44	42	20	22	1	1	0.5238095238095238	0.023809523809523836	9	11	13	9	1	30.441860465116278	60	0.045454545454545456	205.7881808114366	PASS	00ec319d-e331-450f-bc78-8f5a6977dc48,1076e48c-733e-4b4b-a71f-6022253b0433,15c70568-46c9-430d-85ee-31421d6feb9c,2ec65264-1a95-446e-911b-7e0ea4056967,3552cc93-3daf-4174-8548-fcfc3fd79dc9,3eaba353-be45-4157-b464-92345b7c122f,43ae7b8f-2ae2-48a3-8592-6887f3efeeb5,48a64e29-a945-41ff-8579-7f2877d0398c,52b66d0d-bd22-4d2a-b03e-cbd2d74cc0b0,65ab1518-15b9-4e41-b2b6-33dbd20bfe92,79adcdb5-6ecc-46a8-a77c-4144cbdb0f5d,89b4f412-e67d-4f04-890e-363648cfa48d,89f2cbbc-4893-4de7-a4c8-da9eae13db35,8d73fe46-4871-422d-9cb5-f2e0ca3409a6,8f206b21-ecc8-4a33-a50f-0f4d200eb25b,a98b2c0e-e82d-4a1f-ae1d-f8200dad130f,b39d4d3f-9992-49dc-80f3-487690f96f62,ba89da23-32c0-4943-a099-ac5403a33c0d,e0ab81b2-14ed-4afa-9611-ab027646d7d9,ef29c994-2d68-4978-ba1f-28676a984b5b	07971d51-a4a2-4f92-81ce-09fb8803b9a0,101a697c-16d6-4f14-8cd9-529be5301b68,1acc1b4b-de79-41af-a6ed-b6750e0d0ee6,3852a1ac-021a-4575-8a9f-b001ca9dff4e,3949d730-1706-416c-83f0-3a942acba98c,49632b1e-7444-4ef1-90bc-d8df84026e0e,549079c0-a520-4255-8bc8-977c950d3f46,5ca44a2c-70ef-4cd1-9baa-0064c03a5ad4,62eb8ba3-28f9-4502-bd0e-fb55d966ca8d,74e4d752-02d4-4547-868d-73bb86335e1b,7cbc58c2-3ca0-41ee-8684-7a5029a2fd9d,884ceaa7-82f5-4aea-bf6c-0cfdcb5760f1,8d3f6347-ffa5-45ee-897c-81f3af6b3b17,92567885-c3c4-417f-901f-b7ff8e299795,9f46e50b-b0ea-4fe9-8c6d-b0d6dde1bacc,b0d45559-014c-4528-b254-88067ecb478f,bf50bde6-4599-45e8-82c1-b1f96eaf566c,c535b111-fc61-4cf9-9ce0-e84344bdbeaa,dd86da0a-8f17-41a7-aefc-d75609aa23af,de059579-3bd0-4282-9b3c-d81d1c91150e,e29c1f2d-2f3c-4d9e-a35c-641fd64dff13,f4828ca5-d7ee-4292-9f36-21601c28c23c	585db13b-99ff-42cb-b838-0dc332fcab54	f149948d-6749-4697-895d-0c8f284a2a7f
chr2	30024483	G	C	0/1	50.0	35	34	16	18	0	1	0.5294117647058824	0.02941176470588236	8	8	8	10	1	35.088235294117645	60	0.02857142857142857	205.718487394958	PASS	1e5e8271-66f6-4ca6-a003-b5f9099c4dc8,6d395da5-ef7d-43e7-97ff-0d2aaf486eb4,86fd2a21-63b8-43c8-9f19-a583889b87fe,8c1bbcab-cafb-422c-bd3b-38cce9048c9d,8fd9fa72-8856-40ca-bcdd-49fa053136bb,90abd4ed-2e55-4bb9-a767-a7641138a034,940d066d-6ed5-4231-9600-c9ec1fd42445,c461ecfc-416e-4e3c-81f0-3532c379e918,d608c5aa-00ca-4673-a8b4-0cb205f02ad1,e411df75-b8aa-4cc4-a0ca-e36c391b32c2,ecdfc772-1828-48b6-8b9a-94be40f3c917,f2ecbf27-d769-4bf0-b8e2-58c25c52fd39,f3d98d47-fc6e-40dc-adce-5022d9ecfb88,f7c1db29-d81e-47ed-a710-c044ca0fe96d,fb515498-e740-453e-bfc6-2882225152fa,ff01928b-5917-4c5e-98b2-834edcff3a9e	0f714a24-811c-445d-a09c-ec8893004f97,3247635e-0ba2-4e54-8273-4bf626529489,4796c767-0fcc-4270-ab11-dc5b988a7355,4d133e59-46e5-43bc-bfdb-870902ed0830,4eb80529-2e83-47cc-a327-d34935f7a30b,5097addf-e7ad-458d-9ad1-120452fc4946,53dde953-f7f4-4423-b4ca-fe7d9bdb9b75,586cb8ae-e5aa-40cb-9d60-1b2fbdb9c6af,8129cc74-5b46-4610-953f-46b436fb6025,a91389b5-6ced-4d7b-855e-9dedcec4caf5,bac35cc3-0d84-4a0a-bcbf-f3e79c09f86e,c340bb98-12f3-4ac1-b2ea-83d83820943c,d15ef221-9428-410c-816f-b2b6478e7dce,dd1a04fd-db31-425b-a81f-cbbacc2418fb,dd26e79a-b962-4660-80e7-bbcb783749d6,f3806735-128e-4865-97e3-32eca2254621,f5bd6099-66e8-4f4f-9492-41cca7b5ca97,fa18c59b-8802-424a-b501-f728932cff69		78cdbe10-d62d-4181-a33f-6c8c2d5aadca
chr2	30039676	C	G	0/1	50.0	35	35	16	19	0	0	0.5428571428571428	0.042857142857142816	7	9	11	8	1	35	60	0.0	205.71428571428572	PASS	03adc195-e3fe-43a8-bec3-bbb69e4ebfa9,07235892-a1a4-4fec-aec3-2a29825760cd,3ba4df59-0614-42b3-a72a-bfd2f2d15677,62b834b1-b743-4b3f-8972-c9f87f86cb48,6d395da5-ef7d-43e7-97ff-0d2aaf486eb4,78b44e34-2efe-498a-977d-3ab349b747c4,940d066d-6ed5-4231-9600-c9ec1fd42445,b55d9bf7-0870-4397-8a08-0c0df181f405,bee4d13c-6d1a-44b0-91ca-e824e22746e1,e17da7b5-f13f-4af8-b2c9-44b29270240c,e22e25d8-b245-48c2-92f3-2b59c391e5e0,e411df75-b8aa-4cc4-a0ca-e36c391b32c2,e79d1418-10ee-447f-a183-462347d74085,ecdfc772-1828-48b6-8b9a-94be40f3c917,f2ecbf27-d769-4bf0-b8e2-58c25c52fd39,f7c1db29-d81e-47ed-a710-c044ca0fe96d	0f714a24-811c-445d-a09c-ec8893004f97,10ec484a-d244-4a1f-9e4f-3e9a87de2124,130333fe-27c5-4768-a259-4aae23b1cb53,17a23a0d-c99b-41c1-a319-3bd68200b802,293a3fd8-cec9-4404-aff7-89969351b9d2,3e32fdd7-c63f-4197-a3af-f681a2e07140,4d133e59-46e5-43bc-bfdb-870902ed0830,53dde953-f7f4-4423-b4ca-fe7d9bdb9b75,7f63e89d-3a7f-4de4-976e-3c724f3d8b75,8aa73870-229a-4dc4-a724-78b76f063a30,a91389b5-6ced-4d7b-855e-9dedcec4caf5,ad1f4c93-a132-4079-bd46-f550e3d29aae,bac35cc3-0d84-4a0a-bcbf-f3e79c09f86e,bb8ba680-79b6-4cc0-b304-11d856bcf5d8,c3b2020e-8558-48c5-8c6e-bf1bfeefe418,d15ef221-9428-410c-816f-b2b6478e7dce,dd1a04fd-db31-425b-a81f-cbbacc2418fb,f3806735-128e-4865-97e3-32eca2254621,fe5a5d12-e94d-4910-bca5-75affb0ed992		
chr2	30096457	T	C	0/1	50.0	38	37	18	19	0	1	0.5135135135135135	0.013513513513513487	10	8	9	10	1	30.37837837837838	60	0.02631578947368421	205.7112375533428	PASS	07971d51-a4a2-4f92-81ce-09fb8803b9a0,101a697c-16d6-4f14-8cd9-529be5301b68,3852a1ac-021a-4575-8a9f-b001ca9dff4e,3949d730-1706-416c-83f0-3a942acba98c,49632b1e-7444-4ef1-90bc-d8df84026e0e,549079c0-a520-4255-8bc8-977c950d3f46,585db13b-99ff-42cb-b838-0dc332fcab54,62eb8ba3-28f9-4502-bd0e-fb55d966ca8d,74e4d752-02d4-4547-868d-73bb86335e1b,7cbc58c2-3ca0-41ee-8684-7a5029a2fd9d,884ceaa7-82f5-4aea-bf6c-0cfdcb5760f1,8d3f6347-ffa5-45ee-897c-81f3af6b3b17,92567885-c3c4-417f-901f-b7ff8e299795,9f46e50b-b0ea-4fe9-8c6d-b0d6dde1bacc,c535b111-fc61-4cf9-9ce0-e84344bdbeaa,de059579-3bd0-4282-9b3c-d81d1c91150e,e29c1f2d-2f3c-4d9e-a35c-641fd64dff13,f149948d-6749-4697-895d-0c8f284a2a7f	00ec319d-e331-450f-bc78-8f5a6977dc48,1076e48c-733e-4b4b-a71f-6022253b0433,15c70568-46c9-430d-85ee-31421d6feb9c,2ec65264-1a95-446e-911b-7e0ea4056967,3552cc93-3daf-4174-8548-fcfc3fd79dc9,3eaba353-be45-4157-b464-92345b7c122f,43ae7b8f-2ae2-48a3-8592-6887f3efeeb5,48a64e29-a945-41ff-8579-7f2877d0398c,52b66d0d-bd22-4d2a-b03e-cbd2d74cc0b0,65ab1518-15b9-4e41-b2b6-33dbd20bfe92,79adcdb5-6ecc-46a8-a77c-4144cbdb0f5d,89b4f412-e67d-4f04-890e-363648cfa48d,89f2cbbc-4893-4de7-a4c8-da9eae13db35,8f206b21-ecc8-4a33-a50f-0f4d200eb25b,a870cd74-2157-4886-a153-11266bde1132,a98b2c0e-e82d-4a1f-ae1d-f8200dad130f,b39d4d3f-9992-49dc-80f3-487690f96f62,ba89da23-32c0-4943-a099-ac5403a33c0d,ef29c994-2d68-4978-ba1f-28676a984b5b		1acc1b4b-de79-41af-a6ed-b6750e0d0ee6
chr2	30092353	G	A	0/1	50.0	44	41	17	24	0	3	0.5853658536585366	0.08536585365853655	7	10	15	9	1	36.02439024390244	60	0.06818181818181818	204.07871396895789	PASS	00ec319d-e331-450f-bc78-8f5a6977dc48,15c70568-46c9-430d-85ee-31421d6feb9c,30ca5a8d-4a4b-49b1-ae4b-0e560c66a48e,3552cc93-3daf-4174-8548-fcfc3fd79dc9,3eaba353-be45-4157-b464-92345b7c122f,43ae7b8f-2ae2-48a3-8592-6887f3efeeb5,52b66d0d-bd22-4d2a-b03e-cbd2d74cc0b0,65ab1518-15b9-4e41-b2b6-33dbd20bfe92,823256d8-453b-4628-990e-f0a63097f722,89b4f412-e67d-4f04-890e-363648cfa48d,8f206b21-ecc8-4a33-a50f-0f4d200eb25b,a5d5762b-e43e-4a16-9e98-6942551e1b2a,aed55eb4-632f-458f-9893-7ba1c6f869e2,b39d4d3f-9992-49dc-80f3-487690f96f62,ba89da23-32c0-4943-a099-ac5403a33c0d,e0ab81b2-14ed-4afa-9611-ab027646d7d9,ef29c994-2d68-4978-ba1f-28676a984b5b	07971d51-a4a2-4f92-81ce-09fb8803b9a0,1acc1b4b-de79-41af-a6ed-b6750e0d0ee6,2493e49b-2158-46f4-983f-17473faae805,3949d730-1706-416c-83f0-3a942acba98c,49632b1e-7444-4ef1-90bc-d8df84026e0e,572ee74f-ea6a-4670-8c77-3cad13a28d4f,585db13b-99ff-42cb-b838-0dc332fcab54,62eb8ba3-28f9-4502-bd0e-fb55d966ca8d,6b740530-72e4-41fc-8fd6-bc4c3e212ec9,74e4d752-02d4-4547-868d-73bb86335e1b,7cbc58c2-3ca0-41ee-8684-7a5029a2fd9d,80297603-2aea-4dd7-bdec-75986062f4d9,884ceaa7-82f5-4aea-bf6c-0cfdcb5760f1,8d3f6347-ffa5-45ee-897c-81f3af6b3b17,92567885-c3c4-417f-901f-b7ff8e299795,9f46e50b-b0ea-4fe9-8c6d-b0d6dde1bacc,a5c97186-d3d9-4056-a74a-723d3b383861,c535b111-fc61-4cf9-9ce0-e84344bdbeaa,cfad8935-007d-4b75-a551-ec3b5aff4f3d,dd86da0a-8f17-41a7-aefc-d75609aa23af,de059579-3bd0-4282-9b3c-d81d1c91150e,e29c1f2d-2f3c-4d9e-a35c-641fd64dff13,ec9e1d9b-ac23-48ea-88dc-612cc302c8e1,f149948d-6749-4697-895d-0c8f284a2a7f		2ec65264-1a95-446e-911b-7e0ea4056967,a98b2c0e-e82d-4a1f-ae1d-f8200dad130f,ecaf940a-0315-4c7c-a301-bd9485f9db4a
chr2	30079634	T	C	0/1	50.0	35	35	15	20	0	0	0.5714285714285714	0.0714285714285714	6	9	10	10	1	35.97142857142857	60	0.0	203.82857142857142	PASS	0ef48f2e-9a56-4141-94af-6e23003c0d27,15c70568-46c9-430d-85ee-31421d6feb9c,18a5ce06-a56c-454a-8745-f1b47714aaac,3552cc93-3daf-4174-8548-fcfc3fd79dc9,52b66d0d-bd22-4d2a-b03e-cbd2d74cc0b0,7bb2b1eb-e75c-496c-819c-6cff86aba08a,823256d8-453b-4628-990e-f0a63097f722,83b651c7-bd1e-4d7d-a4eb-8543777da553,89b4f412-e67d-4f04-890e-363648cfa48d,cef85a16-9399-419f-b80d-be14557a00b7,e0ab81b2-14ed-4afa-9611-ab027646d7d9,e3d015cc-5037-438a-ae11-504c3576cf24,ef29c994-2d68-4978-ba1f-28676a984b5b,f4245731-2bbb-49d1-9488-869796eb61ff,f818b39e-bb9b-475a-8fc9-b9956596be13	07971d51-a4a2-4f92-81ce-09fb8803b9a0,1554daef-209e-4044-815c-2da607938d81,17f0a4cd-5d9f-4346-91a7-93bd2f51b076,21e6c927-38aa-4038-8a4f-b023188bca34,3f7ae48e-1215-4114-b76b-138a4947386c,4ef7150b-2fa3-4cbc-9c7c-9412c22804f9,55062250-d029-4cd5-abef-6e5514021ed8,572ee74f-ea6a-4670-8c77-3cad13a28d4f,6b740530-72e4-41fc-8fd6-bc4c3e212ec9,80297603-2aea-4dd7-bdec-75986062f4d9,8d3f6347-ffa5-45ee-897c-81f3af6b3b17,92567885-c3c4-417f-901f-b7ff8e299795,a5c97186-d3d9-4056-a74a-723d3b383861,b8a66257-54c3-43fc-94aa-1f5121a32abe,cfad8935-007d-4b75-a551-ec3b5aff4f3d,e2a02f41-402b-4425-bbdc-ce4b9683c355,eb813d26-c555-4b68-ba77-20d8f4012355,ec9e1d9b-ac23-48ea-88dc-612cc302c8e1,ecaf940a-0315-4c7c-a301-bd9485f9db4a,ee1a90fd-6421-494c-a424-93bfd9094072		
chr2	30080103	G	A	0/1	50.0	35	33	18	15	0	2	0.45454545454545453	0.04545454545454547	9	9	6	9	1	35.121212121212125	60	0.05714285714285714	202.7186147186147	PASS	07971d51-a4a2-4f92-81ce-09fb8803b9a0,1554daef-209e-4044-815c-2da607938d81,17f0a4cd-5d9f-4346-91a7-93bd2f51b076,21e6c927-38aa-4038-8a4f-b023188bca34,3f7ae48e-1215-4114-b76b-138a4947386c,4ef7150b-2fa3-4cbc-9c7c-9412c22804f9,55062250-d029-4cd5-abef-6e5514021ed8,572ee74f-ea6a-4670-8c77-3cad13a28d4f,6b740530-72e4-41fc-8fd6-bc4c3e212ec9,80297603-2aea-4dd7-bdec-75986062f4d9,8d3f6347-ffa5-45ee-897c-81f3af6b3b17,92567885-c3c4-417f-901f-b7ff8e299795,a5c97186-d3d9-4056-a74a-723d3b383861,c9c8f104-b356-4862-80bb-2d3f90ff69d5,cfad8935-007d-4b75-a551-ec3b5aff4f3d,eb813d26-c555-4b68-ba77-20d8f4012355,ec9e1d9b-ac23-48ea-88dc-612cc302c8e1,ee1a90fd-6421-494c-a424-93bfd9094072	0dda3a26-1d7e-4a49-9241-64f2d9b84680,15c70568-46c9-430d-85ee-31421d6feb9c,18a5ce06-a56c-454a-8745-f1b47714aaac,3552cc93-3daf-4174-8548-fcfc3fd79dc9,52b66d0d-bd22-4d2a-b03e-cbd2d74cc0b0,7bb2b1eb-e75c-496c-819c-6cff86aba08a,823256d8-453b-4628-990e-f0a63097f722,83b651c7-bd1e-4d7d-a4eb-8543777da553,89b4f412-e67d-4f04-890e-363648cfa48d,a5d5762b-e43e-4a16-9e98-6942551e1b2a,e0ab81b2-14ed-4afa-9611-ab027646d7d9,e3d015cc-5037-438a-ae11-504c3576cf24,ef29c994-2d68-4978-ba1f-28676a984b5b,f4245731-2bbb-49d1-9488-869796eb61ff,f818b39e-bb9b-475a-8fc9-b9956596be13		585db13b-99ff-42cb-b838-0dc332fcab54,cef85a16-9399-419f-b80d-be14557a00b7
chr2	30099113	C	T	0/1	50.0	37	35	16	19	0	2	0.5428571428571428	0.042857142857142816	7	9	9	10	1	32.542857142857144	60	0.05405405405405406	202.55444015444016	PASS	07971d51-a4a2-4f92-81ce-09fb8803b9a0,101a697c-16d6-4f14-8cd9-529be5301b68,1acc1b4b-de79-41af-a6ed-b6750e0d0ee6,3852a1ac-021a-4575-8a9f-b001ca9dff4e,3949d730-1706-416c-83f0-3a942acba98c,49632b1e-7444-4ef1-90bc-d8df84026e0e,549079c0-a520-4255-8bc8-977c950d3f46,62eb8ba3-28f9-4502-bd0e-fb55d966ca8d,74e4d752-02d4-4547-868d-73bb86335e1b,884ceaa7-82f5-4aea-bf6c-0cfdcb5760f1,8d3f6347-ffa5-45ee-897c-81f3af6b3b17,92567885-c3c4-417f-901f-b7ff8e299795,b0d45559-014c-4528-b254-88067ecb478f,c535b111-fc61-4cf9-9ce0-e84344bdbeaa,e29c1f2d-2f3c-4d9e-a35c-641fd64dff13,f149948d-6749-4697-895d-0c8f284a2a7f	00ec319d-e331-450f-bc78-8f5a6977dc48,1076e48c-733e-4b4b-a71f-6022253b0433,15c70568-46c9-430d-85ee-31421d6feb9c,2d8b51cd-651c-4ceb-875d-d0f7838224c1,2ec65264-1a95-446e-911b-7e0ea4056967,3552cc93-3daf-4174-8548-fcfc3fd79dc9,3eaba353-be45-4157-b464-92345b7c122f,43ae7b8f-2ae2-48a3-8592-6887f3efeeb5,48a64e29-a945-41ff-8579-7f2877d0398c,52b66d0d-bd22-4d2a-b03e-cbd2d74cc0b0,65ab1518-15b9-4e41-b2b6-33dbd20bfe92,79adcdb5-6ecc-46a8-a77c-4144cbdb0f5d,89b4f412-e67d-4f04-890e-363648cfa48d,89f2cbbc-4893-4de7-a4c8-da9eae13db35,8f206b21-ecc8-4a33-a50f-0f4d200eb25b,9d8b2296-ce08-4271-9ef1-33ed42413ea9,a98b2c0e-e82d-4a1f-ae1d-f8200dad130f,b39d4d3f-9992-49dc-80f3-487690f96f62,ba89da23-32c0-4943-a099-ac5403a33c0d		9f46e50b-b0ea-4fe9-8c6d-b0d6dde1bacc,ef29c994-2d68-4978-ba1f-28676a984b5b
chr2	30089588	C	A	0/1	50.0	37	35	17	18	0	2	0.5142857142857142	0.014285714285714235	7	10	9	9	1	29.2	60	0.05405405405405406	202.06872586872586	PASS	00ec319d-e331-450f-bc78-8f5a6977dc48,15c70568-46c9-430d-85ee-31421d6feb9c,2ec65264-1a95-446e-911b-7e0ea4056967,3552cc93-3daf-4174-8548-fcfc3fd79dc9,3eaba353-be45-4157-b464-92345b7c122f,52b66d0d-bd22-4d2a-b03e-cbd2d74cc0b0,57668b44-2d28-4c0a-a4ee-ab6852505e63,65ab1518-15b9-4e41-b2b6-33dbd20bfe92,823256d8-453b-4628-990e-f0a63097f722,89b4f412-e67d-4f04-890e-363648cfa48d,9cb4a70f-9b57-4442-901f-9de58da489bb,a5d5762b-e43e-4a16-9e98-6942551e1b2a,a98b2c0e-e82d-4a1f-ae1d-f8200dad130f,aed55eb4-632f-458f-9893-7ba1c6f869e2,cef85a16-9399-419f-b80d-be14557a00b7,e0ab81b2-14ed-4afa-9611-ab027646d7d9,ef29c994-2d68-4978-ba1f-28676a984b5b	07971d51-a4a2-4f92-81ce-09fb8803b9a0,2493e49b-2158-46f4-983f-17473faae805,3949d730-1706-416c-83f0-3a942acba98c,49632b1e-7444-4ef1-90bc-d8df84026e0e,572ee74f-ea6a-4670-8c77-3cad13a28d4f,74e4d752-02d4-4547-868d-73bb86335e1b,7cbc58c2-3ca0-41ee-8684-7a5029a2fd9d,884ceaa7-82f5-4aea-bf6c-0cfdcb5760f1,8d3f6347-ffa5-45ee-897c-81f3af6b3b17,92567885-c3c4-417f-901f-b7ff8e299795,9f46e50b-b0ea-4fe9-8c6d-b0d6dde1bacc,c535b111-fc61-4cf9-9ce0-e84344bdbeaa,c9c8f104-b356-4862-80bb-2d3f90ff69d5,cfad8935-007d-4b75-a551-ec3b5aff4f3d,e29c1f2d-2f3c-4d9e-a35c-641fd64dff13,ec9e1d9b-ac23-48ea-88dc-612cc302c8e1,ecaf940a-0315-4c7c-a301-bd9485f9db4a,f149948d-6749-4697-895d-0c8f284a2a7f		585db13b-99ff-42cb-b838-0dc332fcab54,de059579-3bd0-4282-9b3c-d81d1c91150e
chr2	30054935	G	A	0/1	50.0	52	52	33	19	0	0	0.36538461538461536	0.13461538461538464	15	18	8	11	1	33.57692307692308	60	0.0	200.1153846153846	PASS	062338c4-e376-4d7b-8512-2edc34a86461,0f714a24-811c-445d-a09c-ec8893004f97,10ec484a-d244-4a1f-9e4f-3e9a87de2124,130333fe-27c5-4768-a259-4aae23b1cb53,18a5ce06-a56c-454a-8745-f1b47714aaac,2734ce64-9c38-4f1c-9af1-1bb9f58d2488,293a3fd8-cec9-4404-aff7-89969351b9d2,32b9e5b6-be77-4fcc-abf4-ba01fc0d8aec,3a6b3b9b-8e84-4809-bde7-84d9dbeae2b1,3e32fdd7-c63f-4197-a3af-f681a2e07140,43026a05-2196-448a-aefb-45e8217dfe78,45f730e4-87b7-4cb1-b728-fea41e3f2837,4616d592-5e65-4a3c-ad0a-0420ebc7da1d,550fd573-3f7f-42ad-8704-43dcf9a6b63c,5fbc0627-f969-4afd-ae0f-7a0b6b996b9e,62b3203a-9c74-4d5c-a06e-e884330117ef,7ce088e4-38f6-4b0d-8c9b-bb5463910c0f,8eefb3a0-b9ba-44a0-a5b6-8f6c68feadeb,95a99cba-6fe3-4560-b957-575c1a18b8fe,9b7b2bef-9b4f-4b0d-b324-e4e2f34d15b2,ad1f4c93-a132-4079-bd46-f550e3d29aae,bb8ba680-79b6-4cc0-b304-11d856bcf5d8,bbb3630f-bc9f-4025-b3bf-9341ed38c530,c3b2020e-8558-48c5-8c6e-bf1bfeefe418,c67cf737-7846-42e3-b554-5383630338fd,d1f25b0f-8027-46b8-8f21-d498128d6878,dd1a04fd-db31-425b-a81f-cbbacc2418fb,e1d4526d-e818-426f-9947-5be5809cda9a,e2a02f41-402b-4425-bbdc-ce4b9683c355,e3ad637a-006f-4e88-a195-25a1d173657f,e3d015cc-5037-438a-ae11-504c3576cf24,f4245731-2bbb-49d1-9488-869796eb61ff,fe098c58-ef59-478e-920b-e4e26ad69f11	05f763d6-7216-4fe3-9f5e-7fb0ad5a137d,07235892-a1a4-4fec-aec3-2a29825760cd,1554daef-209e-4044-815c-2da607938d81,15fcf8fe-2bac-4e85-8b6d-30ec108111fd,285c5904-74cb-490d-be3c-a63f6281c423,3ba4df59-0614-42b3-a72a-bfd2f2d15677,3f7ae48e-1215-4114-b76b-138a4947386c,56e4b0a6-cdf7-445e-88c1-7319190b7b2a,62fc7bc3-01e2-4d1f-89c0-193fc3f19b36,6961ca4c-ba93-4e59-b680-cd82b43bb82d,7738c701-0b97-472b-9df5-a7b2398bad1d,78b44e34-2efe-498a-977d-3ab349b747c4,a513ef17-dcc0-4f99-94cf-58b6a78df72e,b8a66257-54c3-43fc-94aa-1f5121a32abe,bee4d13c-6d1a-44b0-91ca-e824e22746e1,c73b1171-02de-4f70-8e4c-794d4b232e0f,e17da7b5-f13f-4af8-b2c9-44b29270240c,e79d1418-10ee-447f-a183-462347d74085,e92baf5d-3446-4bcf-9bd6-f2e418b7631a		
chr2	30072362	C	T	0/1	50.0	37	35	15	20	0	2	0.5714285714285714	0.0714285714285714	8	7	8	12	1	32.57142857142857	60	0.05405405405405406	199.72586872586874	PASS	062338c4-e376-4d7b-8512-2edc34a86461,0ef48f2e-9a56-4141-94af-6e23003c0d27,0f585eaf-16f7-465f-a622-2dd961627fce,18a5ce06-a56c-454a-8745-f1b47714aaac,32b9e5b6-be77-4fcc-abf4-ba01fc0d8aec,4616d592-5e65-4a3c-ad0a-0420ebc7da1d,52b66d0d-bd22-4d2a-b03e-cbd2d74cc0b0,823256d8-453b-4628-990e-f0a63097f722,89b4f412-e67d-4f04-890e-363648cfa48d,ad1f4c93-a132-4079-bd46-f550e3d29aae,ba48c973-5c88-46bf-87aa-3368b741d8d2,e0ab81b2-14ed-4afa-9611-ab027646d7d9,e3d015cc-5037-438a-ae11-504c3576cf24,f11d752e-e348-401a-b706-57a2278f5189,f4245731-2bbb-49d1-9488-869796eb61ff	1554daef-209e-4044-815c-2da607938d81,17f0a4cd-5d9f-4346-91a7-93bd2f51b076,21e6c927-38aa-4038-8a4f-b023188bca34,3f7ae48e-1215-4114-b76b-138a4947386c,4ef7150b-2fa3-4cbc-9c7c-9412c22804f9,55062250-d029-4cd5-abef-6e5514021ed8,572ee74f-ea6a-4670-8c77-3cad13a28d4f,6961ca4c-ba93-4e59-b680-cd82b43bb82d,6b740530-72e4-41fc-8fd6-bc4c3e212ec9,7738c701-0b97-472b-9df5-a7b2398bad1d,8d3f6347-ffa5-45ee-897c-81f3af6b3b17,92567885-c3c4-417f-901f-b7ff8e299795,b8a66257-54c3-43fc-94aa-1f5121a32abe,c73b1171-02de-4f70-8e4c-794d4b232e0f,cfad8935-007d-4b75-a551-ec3b5aff4f3d,e2a02f41-402b-4425-bbdc-ce4b9683c355,e92baf5d-3446-4bcf-9bd6-f2e418b7631a,eb813d26-c555-4b68-ba77-20d8f4012355,ecaf940a-0315-4c7c-a301-bd9485f9db4a,ee1a90fd-6421-494c-a424-93bfd9094072		80297603-2aea-4dd7-bdec-75986062f4d9,e1d4526d-e818-426f-9947-5be5809cda9a
chr2	30074233	C	G	0/1	50.0	34	34	18	16	0	0	0.47058823529411764	0.02941176470588236	9	9	6	10	1	28.647058823529413	60	0.0	199.7058823529412	PASS	062338c4-e376-4d7b-8512-2edc34a86461,0f585eaf-16f7-465f-a622-2dd961627fce,18a5ce06-a56c-454a-8745-f1b47714aaac,26ee1651-e316-456b-86b2-b7d2da7ba3a0,3a6b3b9b-8e84-4809-bde7-84d9dbeae2b1,4616d592-5e65-4a3c-ad0a-0420ebc7da1d,52b66d0d-bd22-4d2a-b03e-cbd2d74cc0b0,80297603-2aea-4dd7-bdec-75986062f4d9,823256d8-453b-4628-990e-f0a63097f722,83b651c7-bd1e-4d7d-a4eb-8543777da553,89b4f412-e67d-4f04-890e-363648cfa48d,a5d5762b-e43e-4a16-9e98-6942551e1b2a,ad1f4c93-a132-4079-bd46-f550e3d29aae,e1d4526d-e818-426f-9947-5be5809cda9a,e3d015cc-5037-438a-ae11-504c3576cf24,f11d752e-e348-401a-b706-57a2278f5189,f4245731-2bbb-49d1-9488-869796eb61ff,f818b39e-bb9b-475a-8fc9-b9956596be13	1554daef-209e-4044-815c-2da607938d81,17f0a4cd-5d9f-4346-91a7-93bd2f51b076,21e6c927-38aa-4038-8a4f-b023188bca34,3f7ae48e-1215-4114-b76b-138a4947386c,4ef7150b-2fa3-4cbc-9c7c-9412c22804f9,55062250-d029-4cd5-abef-6e5514021ed8,572ee74f-ea6a-4670-8c77-3cad13a28d4f,6b740530-72e4-41fc-8fd6-bc4c3e212ec9,7738c701-0b97-472b-9df5-a7b2398bad1d,8d3f6347-ffa5-45ee-897c-81f3af6b3b17,92567885-c3c4-417f-901f-b7ff8e299795,b8a66257-54c3-43fc-94aa-1f5121a32abe,cfad8935-007d-4b75-a551-ec3b5aff4f3d,e2a02f41-402b-4425-bbdc-ce4b9683c355,e92baf5d-3446-4bcf-9bd6-f2e418b7631a,ecaf940a-0315-4c7c-a301-bd9485f9db4a		
chr2	30078905	G	A	0/1	50.0	36	35	15	20	0	1	0.5714285714285714	0.0714285714285714	7	8	9	11	1	31.885714285714286	60	0.027777777777777776	199.35396825396825	PASS	0dda3a26-1d7e-4a49-9241-64f2d9b84680,0ef48f2e-9a56-4141-94af-6e23003c0d27,15c70568-46c9-430d-85ee-31421d6feb9c,18a5ce06-a56c-454a-8745-f1b47714aaac,3552cc93-3daf-4174-8548-fcfc3fd79dc9,52b66d0d-bd22-4d2a-b03e-cbd2d74cc0b0,585db13b-99ff-42cb-b838-0dc332fcab54,823256d8-453b-4628-990e-f0a63097f722,83b651c7-bd1e-4d7d-a4eb-8543777da553,89b4f412-e67d-4f04-890e-363648cfa48d,e0ab81b2-14ed-4afa-9611-ab027646d7d9,e3d015cc-5037-438a-ae11-504c3576cf24,ef29c994-2d68-4978-ba1f-28676a984b5b,f4245731-2bbb-49d1-9488-869796eb61ff,f77ea080-8372-4ecf-900a-555ac21530b3	07971d51-a4a2-4f92-81ce-09fb8803b9a0,1554daef-209e-4044-815c-2da607938d81,17f0a4cd-5d9f-4346-91a7-93bd2f51b076,21e6c927-38aa-4038-8a4f-b023188bca34,3f7ae48e-1215-4114-b76b-138a4947386c,55062250-d029-4cd5-abef-6e5514021ed8,572ee74f-ea6a-4670-8c77-3cad13a28d4f,6b740530-72e4-41fc-8fd6-bc4c3e212ec9,7738c701-0b97-472b-9df5-a7b2398bad1d,8d3f6347-ffa5-45ee-897c-81f3af6b3b17,92567885-c3c4-417f-901f-b7ff8e299795,a5c97186-d3d9-4056-a74a-723d3b383861,b8a66257-54c3-43fc-94aa-1f5121a32abe,ba0077a2-9a87-4b49-b0e5-b71a53293782,c9c8f104-b356-4862-80bb-2d3f90ff69d5,cfad8935-007d-4b75-a551-ec3b5aff4f3d,e2a02f41-402b-4425-bbdc-ce4b9683c355,eb813d26-c555-4b68-ba77-20d8f4012355,ecaf940a-0315-4c7c-a301-bd9485f9db4a,ee1a90fd-6421-494c-a424-93bfd9094072		cef85a16-9399-419f-b80d-be14557a00b7
chr2	30082194	T	C	0/1	50.0	37	36	22	14	0	1	0.3888888888888889	0.1111111111111111	11	11	6	8	1	34.583333333333336	60	0.02702702702702703	199.12087087087087	PASS	07971d51-a4a2-4f92-81ce-09fb8803b9a0,1554daef-209e-4044-815c-2da607938d81,17f0a4cd-5d9f-4346-91a7-93bd2f51b076,21e6c927-38aa-4038-8a4f-b023188bca34,3f7ae48e-1215-4114-b76b-138a4947386c,4ef7150b-2fa3-4cbc-9c7c-9412c22804f9,55062250-d029-4cd5-abef-6e5514021ed8,572ee74f-ea6a-4670-8c77-3cad13a28d4f,585db13b-99ff-42cb-b838-0dc332fcab54,6b740530-72e4-41fc-8fd6-bc4c3e212ec9,80297603-2aea-4dd7-bdec-75986062f4d9,8d3f6347-ffa5-45ee-897c-81f3af6b3b17,92567885-c3c4-417f-901f-b7ff8e299795,a5c97186-d3d9-4056-a74a-723d3b383861,a5d5762b-e43e-4a16-9e98-6942551e1b2a,c9c8f104-b356-4862-80bb-2d3f90ff69d5,cfad8935-007d-4b75-a551-ec3b5aff4f3d,d0d2c247-fb9b-4964-884b-5a618d358135,eb813d26-c555-4b68-ba77-20d8f4012355,ec9e1d9b-ac23-48ea-88dc-612cc302c8e1,ecaf940a-0315-4c7c-a301-bd9485f9db4a,ee1a90fd-6421-494c-a424-93bfd9094072	0dda3a26-1d7e-4a49-9241-64f2d9b84680,0ef48f2e-9a56-4141-94af-6e23003c0d27,15c70568-46c9-430d-85ee-31421d6feb9c,18a5ce06-a56c-454a-8745-f1b47714aaac,3552cc93-3daf-4174-8548-fcfc3fd79dc9,52b66d0d-bd22-4d2a-b03e-cbd2d74cc0b0,823256d8-453b-4628-990e-f0a63097f722,83b651c7-bd1e-4d7d-a4eb-8543777da553,89b4f412-e67d-4f04-890e-363648cfa48d,ab45acdc-c506-419e-ba4b-9cf1342ec7f5,cef85a16-9399-419f-b80d-be14557a00b7,e0ab81b2-14ed-4afa-9611-ab027646d7d9,e3d015cc-5037-438a-ae11-504c3576cf24,ef29c994-2d68-4978-ba1f-28676a984b5b		f4245731-2bbb-49d1-9488-869796eb61ff
chr2	30077170	A	G	0/1	50.0	34	34	14	20	0	0	0.5882352941176471	0.08823529411764708	6	8	10	10	1	33	60	0.0	198.1764705882353	PASS	0ef48f2e-9a56-4141-94af-6e23003c0d27,15c70568-46c9-430d-85ee-31421d6feb9c,18a5ce06-a56c-454a-8745-f1b47714aaac,26ee1651-e316-456b-86b2-b7d2da7ba3a0,3a6b3b9b-8e84-4809-bde7-84d9dbeae2b1,52b66d0d-bd22-4d2a-b03e-cbd2d74cc0b0,823256d8-453b-4628-990e-f0a63097f722,83b651c7-bd1e-4d7d-a4eb-8543777da553,89b4f412-e67d-4f04-890e-363648cfa48d,a5d5762b-e43e-4a16-9e98-6942551e1b2a,cef85a16-9399-419f-b80d-be14557a00b7,e0ab81b2-14ed-4afa-9611-ab027646d7d9,e3d015cc-5037-438a-ae11-504c3576cf24,f818b39e-bb9b-475a-8fc9-b9956596be13	1554daef-209e-4044-815c-2da607938d81,17f0a4cd-5d9f-4346-91a7-93bd2f51b076,21e6c927-38aa-4038-8a4f-b023188bca34,3f7ae48e-1215-4114-b76b-138a4947386c,4ef7150b-2fa3-4cbc-9c7c-9412c22804f9,55062250-d029-4cd5-abef-6e5514021ed8,572ee74f-ea6a-4670-8c77-3cad13a28d4f,585db13b-99ff-42cb-b838-0dc332fcab54,6b740530-72e4-41fc-8fd6-bc4c3e212ec9,7738c701-0b97-472b-9df5-a7b2398bad1d,80297603-2aea-4dd7-bdec-75986062f4d9,8d3f6347-ffa5-45ee-897c-81f3af6b3b17,92567885-c3c4-417f-901f-b7ff8e299795,a5c97186-d3d9-4056-a74a-723d3b383861,b8a66257-54c3-43fc-94aa-1f5121a32abe,c9c8f104-b356-4862-80bb-2d3f90ff69d5,cfad8935-007d-4b75-a551-ec3b5aff4f3d,e2a02f41-402b-4425-bbdc-ce4b9683c355,eb813d26-c555-4b68-ba77-20d8f4012355,ee1a90fd-6421-494c-a424-93bfd9094072		
chr2	30082567	A	C	0/1	50.0	29	29	16	13	0	0	0.4482758620689655	0.051724137931034475	8	8	5	8	1	34.06896551724138	60	0.0	197.89655172413794	PASS	07971d51-a4a2-4f92-81ce-09fb8803b9a0,1554daef-209e-4044-815c-2da607938d81,17f0a4cd-5d9f-4346-91a7-93bd2f51b076,21e6c927-38aa-4038-8a4f-b023188bca34,3f7ae48e-1215-4114-b76b-138a4947386c,4ef7150b-2fa3-4cbc-9c7c-9412c22804f9,55062250-d029-4cd5-abef-6e5514021ed8,572ee74f-ea6a-4670-8c77-3cad13a28d4f,6b740530-72e4-41fc-8fd6-bc4c3e212ec9,80297603-2aea-4dd7-bdec-75986062f4d9,8d3f6347-ffa5-45ee-897c-81f3af6b3b17,92567885-c3c4-417f-901f-b7ff8e299795,c9c8f104-b356-4862-80bb-2d3f90ff69d5,cfad8935-007d-4b75-a551-ec3b5aff4f3d,eb813d26-c555-4b68-ba77-20d8f4012355,ee1a90fd-6421-494c-a424-93bfd9094072	0dda3a26-1d7e-4a49-9241-64f2d9b84680,0ef48f2e-9a56-4141-94af-6e23003c0d27,15c70568-46c9-430d-85ee-31421d6feb9c,3552cc93-3daf-4174-8548-fcfc3fd79dc9,52b66d0d-bd22-4d2a-b03e-cbd2d74cc0b0,823256d8-453b-4628-990e-f0a63097f722,83b651c7-bd1e-4d7d-a4eb-8543777da553,89b4f412-e67d-4f04-890e-363648cfa48d,a5c97186-d3d9-4056-a74a-723d3b383861,ab45acdc-c506-419e-ba4b-9cf1342ec7f5,e0ab81b2-14ed-4afa-9611-ab027646d7d9,e3d015cc-5037-438a-ae11-504c3576cf24,f4245731-2bbb-49d1-9488-869796eb61ff		
chr2	30085124	C	T	0/1	50.0	34	32	17	15	2	0	0.46875	0.03125	9	8	7	8	1	29.676470588235293	60	0.058823529411764705	197.61029411764707	PASS	07971d51-a4a2-4f92-81ce-09fb8803b9a0,21e6c927-38aa-4038-8a4f-b023188bca34,2493e49b-2158-46f4-983f-17473faae805,3949d730-1706-416c-83f0-3a942acba98c,3f7ae48e-1215-4114-b76b-138a4947386c,49632b1e-7444-4ef1-90bc-d8df84026e0e,572ee74f-ea6a-4670-8c77-3cad13a28d4f,585db13b-99ff-42cb-b838-0dc332fcab54,6b740530-72e4-41fc-8fd6-bc4c3e212ec9,80297603-2aea-4dd7-bdec-75986062f4d9,8d3f6347-ffa5-45ee-897c-81f3af6b3b17,92567885-c3c4-417f-901f-b7ff8e299795,a5c97186-d3d9-4056-a74a-723d3b383861,c9c8f104-b356-4862-80bb-2d3f90ff69d5,cfad8935-007d-4b75-a551-ec3b5aff4f3d,dd17d209-9c99-48aa-87ae-0c7d8e4a889e,ecaf940a-0315-4c7c-a301-bd9485f9db4a	0ef48f2e-9a56-4141-94af-6e23003c0d27,15c70568-46c9-430d-85ee-31421d6feb9c,2ec65264-1a95-446e-911b-7e0ea4056967,3552cc93-3daf-4174-8548-fcfc3fd79dc9,3eaba353-be45-4157-b464-92345b7c122f,52b66d0d-bd22-4d2a-b03e-cbd2d74cc0b0,57668b44-2d28-4c0a-a4ee-ab6852505e63,65ab1518-15b9-4e41-b2b6-33dbd20bfe92,823256d8-453b-4628-990e-f0a63097f722,89b4f412-e67d-4f04-890e-363648cfa48d,a98b2c0e-e82d-4a1f-ae1d-f8200dad130f,b6e4fcd7-f603-42e5-9dad-09567b6c83aa,e3d015cc-5037-438a-ae11-504c3576cf24,ef29c994-2d68-4978-ba1f-28676a984b5b,f4245731-2bbb-49d1-9488-869796eb61ff	83b651c7-bd1e-4d7d-a4eb-8543777da553,a5d5762b-e43e-4a16-9e98-6942551e1b2a	
chr2	30065076	G	A	0/1	50.0	47	46	28	18	0	1	0.391304347826087	0.10869565217391303	13	15	8	10	1	28.97826086956522	60	0.02127659574468085	197.04486586493985	PASS	062338c4-e376-4d7b-8512-2edc34a86461,0ef48f2e-9a56-4141-94af-6e23003c0d27,0f585eaf-16f7-465f-a622-2dd961627fce,18a5ce06-a56c-454a-8745-f1b47714aaac,264fb405-77fa-459d-840c-d2e7517ee706,2734ce64-9c38-4f1c-9af1-1bb9f58d2488,293a3fd8-cec9-4404-aff7-89969351b9d2,32b9e5b6-be77-4fcc-abf4-ba01fc0d8aec,3a6b3b9b-8e84-4809-bde7-84d9dbeae2b1,45f730e4-87b7-4cb1-b728-fea41e3f2837,52b66d0d-bd22-4d2a-b03e-cbd2d74cc0b0,62b3203a-9c74-4d5c-a06e-e884330117ef,7ce088e4-38f6-4b0d-8c9b-bb5463910c0f,7f63e89d-3a7f-4de4-976e-3c724f3d8b75,89b4f412-e67d-4f04-890e-363648cfa48d,8eefb3a0-b9ba-44a0-a5b6-8f6c68feadeb,95a99cba-6fe3-4560-b957-575c1a18b8fe,ad1f4c93-a132-4079-bd46-f550e3d29aae,ba48c973-5c88-46bf-87aa-3368b741d8d2,bbb3630f-bc9f-4025-b3bf-9341ed38c530,c67cf737-7846-42e3-b554-5383630338fd,d1f25b0f-8027-46b8-8f21-d498128d6878,db8b8aac-e623-482e-a0ee-6f28117e622c,e1d4526d-e818-426f-9947-5be5809cda9a,f11d752e-e348-401a-b706-57a2278f5189,f4245731-2bbb-49d1-9488-869796eb61ff,f818b39e-bb9b-475a-8fc9-b9956596be13,fe098c58-ef59-478e-920b-e4e26ad69f11	05f763d6-7216-4fe3-9f5e-7fb0ad5a137d,1554daef-209e-4044-815c-2da607938d81,285c5904-74cb-490d-be3c-a63f6281c423,3f7ae48e-1215-4114-b76b-138a4947386c,4798bada-b606-424b-bf83-35de054dbfd3,4ef7150b-2fa3-4cbc-9c7c-9412c22804f9,55062250-d029-4cd5-abef-6e5514021ed8,62fc7bc3-01e2-4d1f-89c0-193fc3f19b36,6961ca4c-ba93-4e59-b680-cd82b43bb82d,7738c701-0b97-472b-9df5-a7b2398bad1d,8d3f6347-ffa5-45ee-897c-81f3af6b3b17,a513ef17-dcc0-4f99-94cf-58b6a78df72e,b8a66257-54c3-43fc-94aa-1f5121a32abe,c73b1171-02de-4f70-8e4c-794d4b232e0f,e2a02f41-402b-4425-bbdc-ce4b9683c355,e92baf5d-3446-4bcf-9bd6-f2e418b7631a,eb813d26-c555-4b68-ba77-20d8f4012355,ee1a90fd-6421-494c-a424-93bfd9094072		e3d015cc-5037-438a-ae11-504c3576cf24
chr2	30093791	G	A	0/1	50.0	40	38	16	22	1	1	0.5789473684210527	0.07894736842105265	7	9	13	9	1	26.794871794871796	60	0.05	196.40013495276654	PASS	00ec319d-e331-450f-bc78-8f5a6977dc48,1076e48c-733e-4b4b-a71f-6022253b0433,15c70568-46c9-430d-85ee-31421d6feb9c,2ec65264-1a95-446e-911b-7e0ea4056967,3552cc93-3daf-4174-8548-fcfc3fd79dc9,52b66d0d-bd22-4d2a-b03e-cbd2d74cc0b0,65ab1518-15b9-4e41-b2b6-33dbd20bfe92,823256d8-453b-4628-990e-f0a63097f722,89b4f412-e67d-4f04-890e-363648cfa48d,8f206b21-ecc8-4a33-a50f-0f4d200eb25b,a4127b35-48cb-4ddf-abf5-518e54351dc1,a5d5762b-e43e-4a16-9e98-6942551e1b2a,a98b2c0e-e82d-4a1f-ae1d-f8200dad130f,ba89da23-32c0-4943-a099-ac5403a33c0d,e0ab81b2-14ed-4afa-9611-ab027646d7d9,ef29c994-2d68-4978-ba1f-28676a984b5b	07971d51-a4a2-4f92-81ce-09fb8803b9a0,1acc1b4b-de79-41af-a6ed-b6750e0d0ee6,2493e49b-2158-46f4-983f-17473faae805,334973a0-f43b-496b-b932-f5b2b81ade19,3949d730-1706-416c-83f0-3a942acba98c,49632b1e-7444-4ef1-90bc-d8df84026e0e,572ee74f-ea6a-4670-8c77-3cad13a28d4f,62eb8ba3-28f9-4502-bd0e-fb55d966ca8d,74e4d752-02d4-4547-868d-73bb86335e1b,7cbc58c2-3ca0-41ee-8684-7a5029a2fd9d,80297603-2aea-4dd7-bdec-75986062f4d9,884ceaa7-82f5-4aea-bf6c-0cfdcb5760f1,8d3f6347-ffa5-45ee-897c-81f3af6b3b17,92567885-c3c4-417f-901f-b7ff8e299795,9f46e50b-b0ea-4fe9-8c6d-b0d6dde1bacc,c535b111-fc61-4cf9-9ce0-e84344bdbeaa,cfad8935-007d-4b75-a551-ec3b5aff4f3d,dd86da0a-8f17-41a7-aefc-d75609aa23af,de059579-3bd0-4282-9b3c-d81d1c91150e,e29c1f2d-2f3c-4d9e-a35c-641fd64dff13,ecaf940a-0315-4c7c-a301-bd9485f9db4a,f149948d-6749-4697-895d-0c8f284a2a7f	3eaba353-be45-4157-b464-92345b7c122f	ec9e1d9b-ac23-48ea-88dc-612cc302c8e1
chr2	30097103	C	T	0/1	50.0	35	34	13	21	0	1	0.6176470588235294	0.11764705882352944	7	6	11	10	1	31.029411764705884	60	0.02857142857142857	192.8361344537815	PASS	00ec319d-e331-450f-bc78-8f5a6977dc48,2ec65264-1a95-446e-911b-7e0ea4056967,3552cc93-3daf-4174-8548-fcfc3fd79dc9,3eaba353-be45-4157-b464-92345b7c122f,43ae7b8f-2ae2-48a3-8592-6887f3efeeb5,48a64e29-a945-41ff-8579-7f2877d0398c,65ab1518-15b9-4e41-b2b6-33dbd20bfe92,79adcdb5-6ecc-46a8-a77c-4144cbdb0f5d,89f2cbbc-4893-4de7-a4c8-da9eae13db35,8d73fe46-4871-422d-9cb5-f2e0ca3409a6,ba89da23-32c0-4943-a099-ac5403a33c0d,e0ab81b2-14ed-4afa-9611-ab027646d7d9,ef29c994-2d68-4978-ba1f-28676a984b5b	07971d51-a4a2-4f92-81ce-09fb8803b9a0,101a697c-16d6-4f14-8cd9-529be5301b68,1acc1b4b-de79-41af-a6ed-b6750e0d0ee6,3852a1ac-021a-4575-8a9f-b001ca9dff4e,3949d730-1706-416c-83f0-3a942acba98c,49632b1e-7444-4ef1-90bc-d8df84026e0e,549079c0-a520-4255-8bc8-977c950d3f46,585db13b-99ff-42cb-b838-0dc332fcab54,62eb8ba3-28f9-4502-bd0e-fb55d966ca8d,74e4d752-02d4-4547-868d-73bb86335e1b,791d312d-6219-4ed0-98e0-152da34950ca,884ceaa7-82f5-4aea-bf6c-0cfdcb5760f1,8d3f6347-ffa5-45ee-897c-81f3af6b3b17,92567885-c3c4-417f-901f-b7ff8e299795,9f46e50b-b0ea-4fe9-8c6d-b0d6dde1bacc,b0d45559-014c-4528-b254-88067ecb478f,bf50bde6-4599-45e8-82c1-b1f96eaf566c,c535b111-fc61-4cf9-9ce0-e84344bdbeaa,de059579-3bd0-4282-9b3c-d81d1c91150e,e29c1f2d-2f3c-4d9e-a35c-641fd64dff13,f149948d-6749-4697-895d-0c8f284a2a7f		dd86da0a-8f17-41a7-aefc-d75609aa23af
chr2	30055770	C	T	0/1	50.0	41	38	25	13	0	3	0.34210526315789475	0.15789473684210525	13	12	5	8	1	32.078947368421055	60	0.07317073170731707	192.63093709884467	PASS	062338c4-e376-4d7b-8512-2edc34a86461,10ec484a-d244-4a1f-9e4f-3e9a87de2124,130333fe-27c5-4768-a259-4aae23b1cb53,18a5ce06-a56c-454a-8745-f1b47714aaac,2734ce64-9c38-4f1c-9af1-1bb9f58d2488,293a3fd8-cec9-4404-aff7-89969351b9d2,3a6b3b9b-8e84-4809-bde7-84d9dbeae2b1,3e32fdd7-c63f-4197-a3af-f681a2e07140,43026a05-2196-448a-aefb-45e8217dfe78,45f730e4-87b7-4cb1-b728-fea41e3f2837,550fd573-3f7f-42ad-8704-43dcf9a6b63c,5fbc0627-f969-4afd-ae0f-7a0b6b996b9e,62b3203a-9c74-4d5c-a06e-e884330117ef,7ce088e4-38f6-4b0d-8c9b-bb5463910c0f,8eefb3a0-b9ba-44a0-a5b6-8f6c68feadeb,95a99cba-6fe3-4560-b957-575c1a18b8fe,9b7b2bef-9b4f-4b0d-b324-e4e2f34d15b2,ad1f4c93-a132-4079-bd46-f550e3d29aae,ba48c973-5c88-46bf-87aa-3368b741d8d2,bb8ba680-79b6-4cc0-b304-11d856bcf5d8,c3b2020e-8558-48c5-8c6e-bf1bfeefe418,c67cf737-7846-42e3-b554-5383630338fd,e1d4526d-e818-426f-9947-5be5809cda9a,e3ad637a-006f-4e88-a195-25a1d173657f,fe098c58-ef59-478e-920b-e4e26ad69f11	05f763d6-7216-4fe3-9f5e-7fb0ad5a137d,07235892-a1a4-4fec-aec3-2a29825760cd,1554daef-209e-4044-815c-2da607938d81,285c5904-74cb-490d-be3c-a63f6281c423,3ba4df59-0614-42b3-a72a-bfd2f2d15677,3f7ae48e-1215-4114-b76b-138a4947386c,56e4b0a6-cdf7-445e-88c1-7319190b7b2a,62fc7bc3-01e2-4d1f-89c0-193fc3f19b36,6961ca4c-ba93-4e59-b680-cd82b43bb82d,b8a66257-54c3-43fc-94aa-1f5121a32abe,e17da7b5-f13f-4af8-b2c9-44b29270240c,e2a02f41-402b-4425-bbdc-ce4b9683c355,e79d1418-10ee-447f-a183-462347d74085		78b44e34-2efe-498a-977d-3ab349b747c4,940d066d-6ed5-4231-9600-c9ec1fd42445,a513ef17-dcc0-4f99-94cf-58b6a78df72e
chr2	30091060	T	C	0/1	50.0	39	31	16	15	0	8	0.4838709677419355	0.016129032258064502	8	8	9	6	1	27.258064516129032	60	0.20512820512820512	194.3887510339123	FAIL	00ec319d-e331-450f-bc78-8f5a6977dc48,15c70568-46c9-430d-85ee-31421d6feb9c,2ec65264-1a95-446e-911b-7e0ea4056967,30ca5a8d-4a4b-49b1-ae4b-0e560c66a48e,3552cc93-3daf-4174-8548-fcfc3fd79dc9,3eaba353-be45-4157-b464-92345b7c122f,52b66d0d-bd22-4d2a-b03e-cbd2d74cc0b0,57668b44-2d28-4c0a-a4ee-ab6852505e63,65ab1518-15b9-4e41-b2b6-33dbd20bfe92,823256d8-453b-4628-990e-f0a63097f722,89b4f412-e67d-4f04-890e-363648cfa48d,a98b2c0e-e82d-4a1f-ae1d-f8200dad130f,aed55eb4-632f-458f-9893-7ba1c6f869e2,b39d4d3f-9992-49dc-80f3-487690f96f62,e0ab81b2-14ed-4afa-9611-ab027646d7d9,ef29c994-2d68-4978-ba1f-28676a984b5b	07971d51-a4a2-4f92-81ce-09fb8803b9a0,2493e49b-2158-46f4-983f-17473faae805,3949d730-1706-416c-83f0-3a942acba98c,49632b1e-7444-4ef1-90bc-d8df84026e0e,74e4d752-02d4-4547-868d-73bb86335e1b,80297603-2aea-4dd7-bdec-75986062f4d9,884ceaa7-82f5-4aea-bf6c-0cfdcb5760f1,a5c97186-d3d9-4056-a74a-723d3b383861,c535b111-fc61-4cf9-9ce0-e84344bdbeaa,cfad8935-007d-4b75-a551-ec3b5aff4f3d,de059579-3bd0-4282-9b3c-d81d1c91150e,e29c1f2d-2f3c-4d9e-a35c-641fd64dff13,ecaf940a-0315-4c7c-a301-bd9485f9db4a,f149948d-6749-4697-895d-0c8f284a2a7f,f514e01d-5355-413e-b6af-8a72271fe682		1acc1b4b-de79-41af-a6ed-b6750e0d0ee6,572ee74f-ea6a-4670-8c77-3cad13a28d4f,6b740530-72e4-41fc-8fd6-bc4c3e212ec9,7cbc58c2-3ca0-41ee-8684-7a5029a2fd9d,8d3f6347-ffa5-45ee-897c-81f3af6b3b17,92567885-c3c4-417f-901f-b7ff8e299795,9f46e50b-b0ea-4fe9-8c6d-b0d6dde1bacc,ec9e1d9b-ac23-48ea-88dc-612cc302c8e1
chr2	30041812	C	A	0/1	50.0	40	27	16	11	0	13	0.4074074074074074	0.09259259259259262	7	9	7	4	1	37	60	0.325	191.49074074074073	FAIL	03adc195-e3fe-43a8-bec3-bbb69e4ebfa9,07235892-a1a4-4fec-aec3-2a29825760cd,3ba4df59-0614-42b3-a72a-bfd2f2d15677,62b834b1-b743-4b3f-8972-c9f87f86cb48,6961ca4c-ba93-4e59-b680-cd82b43bb82d,6d395da5-ef7d-43e7-97ff-0d2aaf486eb4,78b44e34-2efe-498a-977d-3ab349b747c4,940d066d-6ed5-4231-9600-c9ec1fd42445,b55d9bf7-0870-4397-8a08-0c0df181f405,bee4d13c-6d1a-44b0-91ca-e824e22746e1,c73b1171-02de-4f70-8e4c-794d4b232e0f,e17da7b5-f13f-4af8-b2c9-44b29270240c,e22e25d8-b245-48c2-92f3-2b59c391e5e0,e79d1418-10ee-447f-a183-462347d74085,f2ecbf27-d769-4bf0-b8e2-58c25c52fd39,f7c1db29-d81e-47ed-a710-c044ca0fe96d	130333fe-27c5-4768-a259-4aae23b1cb53,17a23a0d-c99b-41c1-a319-3bd68200b802,53dde953-f7f4-4423-b4ca-fe7d9bdb9b75,62b3203a-9c74-4d5c-a06e-e884330117ef,7ce088e4-38f6-4b0d-8c9b-bb5463910c0f,8aa73870-229a-4dc4-a724-78b76f063a30,8eefb3a0-b9ba-44a0-a5b6-8f6c68feadeb,bb8ba680-79b6-4cc0-b304-11d856bcf5d8,d15ef221-9428-410c-816f-b2b6478e7dce,e3ad637a-006f-4e88-a195-25a1d173657f,fe5a5d12-e94d-4910-bca5-75affb0ed992		0f714a24-811c-445d-a09c-ec8893004f97,10ec484a-d244-4a1f-9e4f-3e9a87de2124,2734ce64-9c38-4f1c-9af1-1bb9f58d2488,293a3fd8-cec9-4404-aff7-89969351b9d2,3e32fdd7-c63f-4197-a3af-f681a2e07140,7f63e89d-3a7f-4de4-976e-3c724f3d8b75,84df605f-4d0f-4b98-a099-322634b767ad,ad1f4c93-a132-4079-bd46-f550e3d29aae,bac35cc3-0d84-4a0a-bcbf-f3e79c09f86e,c3b2020e-8558-48c5-8c6e-bf1bfeefe418,dd1a04fd-db31-425b-a81f-cbbacc2418fb,e1d4526d-e818-426f-9947-5be5809cda9a,f3806735-128e-4865-97e3-32eca2254621
