candidate	parent_id	chrom	position	ref	alt	strand	aligned_query_position_0based	original_base_index_0based	sequence_length	observed_target_base	base_quality	mv_stride	mv_blocks	mv_emitted_bases	ts_trimmed_samples	ns_tag_samples	pod5_signal_samples	target_signal_start	target_signal_end	target_signal_samples	status
L2_chr1_20061156_A_T	0dc565bd-d774-4920-a88a-a4c2ca842d02	chr1	20061156	A	T	FORWARD	9040	9040	23647	T	21	6	47166	23647	10	283008	283008	107128	107134	6	PASS
L2_chr1_20061156_A_T	0dd9e8fe-acad-4dda-b4fc-a51d45a2d374	chr1	20061156	A	T	REVERSE	24483	4109	28593	A	39	6	64858	28593	1072	390220	390224	58138	58150	12	PASS
L2_chr1_20061156_A_T	15315398-d6a9-451b-ab7d-cae0c2eaec66	chr1	20061156	A	T	FORWARD	22571	22571	28176	T	43	6	62947	28176	10	377692	377692	301516	301522	6	PASS
L2_chr1_20061156_A_T	260038b3-118b-4611-b0b8-eebac9daca2e	chr1	20061156	A	T	FORWARD	18640	18640	24232	T	50	6	56370	24232	712	338932	338937	261748	261760	12	PASS
L2_chr1_20061156_A_T	3bf0f60a-88d3-4a23-a64e-7430705ac684	chr1	20061156	A	T	FORWARD	12561	12561	18840	T	33	6	46317	18840	634	278536	278538	183874	183886	12	PASS
L2_chr1_20061156_A_T	582c16de-e813-4a50-abeb-68ceadca40a1	chr1	20061156	A	T	REVERSE	12592	6310	18903	A	50	6	39626	18903	10	237766	237766	78268	78274	6	PASS
L2_chr1_20061156_A_T	8b87e5ff-3356-43ef-8893-de06349ccb69	chr1	20061156	A	T	REVERSE	16724	5591	22316	A	42	6	47929	22316	658	288232	288234	70828	70840	12	PASS
L2_chr1_20061156_A_T	8ec92e13-e022-47be-b780-f992c25c634b	chr1	20061156	A	T	FORWARD	14368	14368	19495	T	41	6	45194	19495	1258	272422	272424	198316	198334	18	PASS
L2_chr1_20061156_A_T	c901ad66-bbc0-4349-b8fb-c39cc7f6233a	chr1	20061156	A	T	REVERSE	9222	15892	25115	A	44	6	56915	25115	796	342286	342288	214864	214876	12	PASS
L2_chr1_20061156_A_T	f20fd74a-fa4a-4792-8de4-add553a521d2	chr1	20061156	A	T	FORWARD	3126	3126	9546	T	47	6	20863	9546	10	125188	125188	41716	41728	12	PASS
L3_chr4_40028853_A_G	05f31a92-f65e-49f8-88bc-f6857f27a05a	chr4	40028853	A	G	FORWARD	5462	5462	13157	G	41	6	31261	13157	10	187578	187578	77530	77596	66	PASS
L3_chr4_40028853_A_G	27d05f86-624f-416c-9b28-f8a7948c0c7f	chr4	40028853	A	G	FORWARD	39147	39147	45240	G	41	6	92412	45240	10	554483	554483	470638	470656	18	PASS
L3_chr4_40028853_A_G	357d237f-3865-4249-9650-ad6f2b30a01c	chr4	40028853	A	G	REVERSE	11085	15345	26431	C	50	6	43629	26431	838	262612	262612	151624	151630	6	PASS
L3_chr4_40028853_A_G	508488c3-f953-4b2d-901e-98cf743f58fe	chr4	40028853	A	G	REVERSE	5231	15103	20335	C	44	6	42170	20335	490	253510	253513	186976	186988	12	PASS
L3_chr4_40028853_A_G	6134cc73-4810-4c17-bd16-1854f1f0e06b	chr4	40028853	A	G	FORWARD	10128	10128	31924	G	37	6	70911	31924	10	425478	425478	141706	141742	36	PASS
L3_chr4_40028853_A_G	7a184d8d-f8e0-49ef-9dad-719f3863155c	chr4	40028853	A	G	FORWARD	9615	9615	18367	G	43	6	41987	18367	712	252634	252634	132424	132454	30	PASS
L3_chr4_40028853_A_G	a42e5f59-d649-41d2-9ffa-c07daca04f56	chr4	40028853	A	G	REVERSE	9571	8777	18349	C	50	6	39832	18349	10	239005	239005	111700	111712	12	PASS
L3_chr4_40028853_A_G	c21286f7-7bf6-49df-bd0d-c4cef76172a6	chr4	40028853	A	G	REVERSE	3768	25429	29198	C	48	6	51721	29198	10	310337	310337	270724	270736	12	PASS
L3_chr4_40028853_A_G	c2589f33-d5e9-4875-b4b4-1c08b752b607	chr4	40028853	A	G	REVERSE	5406	16988	22395	C	44	6	35324	22395	424	212368	212372	160060	160066	6	PASS
L3_chr4_40028853_A_G	ce711f02-6612-4956-9e85-83e88a4cf9e8	chr4	40028853	A	G	FORWARD	5301	5301	20497	G	42	6	48342	20497	10	290065	290065	72526	72556	30	PASS
