query_name	raw_parent_id	clean_base	base_quality	mapping_quality	strand	query_position	query_length	move_base_count	move_stride	trim_samples	split_offset_samples	sample_origin	target_start_chunk	target_end_chunk	target_signal_start	target_signal_end	target_signal_samples	context_first_base	context_last_base	context_start_chunk	context_end_chunk	context_signal_start	context_signal_end	context_signal_samples	raw_signal_samples	cigar
00533577-803b-48cd-814e-adfa3e058d91	00533577-803b-48cd-814e-adfa3e058d91	G	28	60	forward	6500	30967	30967	6	10	0	10	12718	12723	76318	76348	30	6498	6502	12716	12727	76306	76372	66	365197	32S79M1D155M2D253M1I7M1D13M3D477M1I1M2I265M1D175M1I67M1I159M1D2M1D340M1I83M1I71M1D449M3D369M1I4M1I60M1I64M2I93M1D57M2I73M1I131M3I174M1D142M1I300M2D587M1I4M2I425M2I2M1D5M1I2M2D404M8D244M1I4M1D23M1D145M1I88M4I2M1D188M1D238M2I16M1I25M1D339M2I18M2D6M1D371M2D232M1D547M7D6M2I185M1D361M1I202M1D434M1D3M1D44M1D378M1D126M3D77M2D2M1I125M1I154M1I123M2I7M2I3M1I14M1I301M1D292M3I478M2D197M2D87M1D440M3D138M16I745M1D700M1D27M2D107M1D991M1I624M1I155M1I878M4D126M1D2M1D36M1D188M1I90M1I139M1I2M1D109M1D122M1I1142M1D142M1D23M1D321M2D336M1I9M2I245M1I20M1D12M1I88M3D254M1I225M1D65M1I55M1I372M1I2M1I607M1D199M1I142M1D38M1I2M1I1M2I3M1D59M2D405M1D288M2I1158M1D163M1D117M5I416M1D321M4I76M1I208M3I253M1D280M1D5M1D3M1I402M1I188M2D628M2D291M1I80M3I277M1D4M1I229M4D355M1D357M3I2M2I3M5D11M1D14M1D135M1I18M1I13M1D334M1I124M1I7M3I12M1D10M1D2M1D300M4D52M1D6M2D414M2D114M1D202M2I28M1I192M1D191M2I54M1D62M1D165M5D268M11S
d32cf572-42c3-4740-951f-eecb2bbd429a	199fcf4a-a100-4779-b89e-c80f4793cdfc	G	21	60	forward	4145	25379	25379	6	0	10	10	8863	8867	53188	53212	24	4143	4147	8861	8871	53176	53236	60	465343	27S772M1I4M1I3M1D133M1I87M1D593M3I1419M2D162M8D99M1D2M1D614M1I15M1D19M2D2M1D61M1D117M1D1358M1D581M3D1441M1I269M2D1M2D6M5I17M3D129M1I543M1I513M1I26M1D868M16I25M2D2M1D370M2D944M1I5M2D128M1I1274M1D4M1D3M1D3M2D73M1I659M3D727M4D353M4D339M6I576M1I216M2I368M2D207M1I104M1D463M3D12M1I2299M1I943M2I493M4D1M1D51M1D745M1I144M5I263M1I759M3I122M1I985M1I1765M12S
1de25dab-c1cd-4c85-9b97-0104f8f411a5	1de25dab-c1cd-4c85-9b97-0104f8f411a5	G	37	60	forward	23611	27382	27382	6	10	0	10	43537	43547	261232	261292	60	23609	23613	43535	43551	261220	261316	96	305988	39S350M6I644M1I241M1I53M1I76M2D4M8D261M2D4M2D66M1D33M1D2M4I102M1D147M2D1M1D44M1I432M3D181M1I226M4I301M1I254M1D77M1D829M1I2M1I116M1D30M1D409M2D85M4I8M1D23M1D50M1I290M1I410M1I149M2I1M1D440M1I18M1D12M1I513M2D126M1I1233M3D5M1D153M1D741M1D1133M5I361M2D7M1D26M1I43M2D739M1I13M1D109M2I58M1D663M1D101M1D569M1I10M1D150M1D511M3D409M1D650M1I548M1I2M1D232M1D314M2D12M1I153M1I281M2I204M1D189M1I3M1I8M1D1M2D17M1D16M1D627M1I541M1D93M1D3M2D80M1I14M2I289M2D171M1I205M1I159M1I360M1D503M1I2M1I6M1I135M2I76M1I24M1D59M1D2M1I369M2D21M1I59M1D4M1I139M1D73M1D577M3D239M1D760M1D131M1D163M8D72M1I7M1I193M1D383M1I3M1D4M2D107M1D137M2I67M4I240M1I7M2D4M1I81M1D4M1I320M1D5M1D623M1D382M1D57M1I428M2D579M3D518M1D473M10S
2ebb7141-5a5d-415f-af2c-6ff3164996bd	26efcc36-d025-471e-933a-e57a2447c465	G	40	60	forward	18516	22064	22064	6	0	10	10	61321	61331	367936	367996	60	18514	18518	61319	61337	367924	368032	108	458788	28S432M5D6M1D68M2D1M2D419M1D363M1D206M1D330M1D1217M1I123M1I3M1I768M1D525M1D903M1I957M1D453M1D7M3D398M1D220M1D24M3I365M1D272M1I512M3D466M1D453M1I467M2I849M1D286M1D743M1I541M2D346M3D356M1I192M1I515M1I303M3I466M1I743M1I43M1D593M3I100M1D3M1I434M4I213M3D829M8D285M1I884M2D2M1I140M1I4M1I397M1I75M2D1M1D3M2D1M1D1139M2I37M2D2M2D19M1D134M1I160M1D106M1I162M1I756M1D167M11S
72209365-d223-4c87-9ba5-63376a9170fd	72209365-d223-4c87-9ba5-63376a9170fd	G	33	60	reverse	8724	20730	20730	6	10	0	10	31109	31111	186664	186676	12	8722	8726	31100	31115	186610	186700	90	459552	17S315M2I400M1D5M1D484M2D872M1I107M3I837M1I196M1I556M4D553M1I1346M1D203M1I294M3I1419M1I164M8D175M2D746M2D2201M6I1179M2D1306M1D297M1D298M1D75M1I415M16I973M1D1652M1D722M1I810M1D68M2D682M1I20M1D71M3I510M4D692M28S
7c1164dc-2545-441b-ab5d-11227989dfe6	7c1164dc-2545-441b-ab5d-11227989dfe6	G	35	60	reverse	30855	36077	36077	6	10	0	10	61681	61683	370096	370108	12	30853	30857	61679	61686	370084	370126	42	431641	14S238M1I183M3D7M3D4M1I289M1D395M1D148M1I168M1I7M1I14M5D7M1I269M1D11M1I7M1I188M3D133M12I254M1D194M1I201M2D896M1D100M1I12M1D5M1I1M2I476M4I436M1D218M1I51M1D607M1I67M1I29M1I2M1D143M1D374M4D300M1D31M2I420M1D754M4I278M3D428M1D83M1D27M1I71M4D255M2I48M1I207M1D365M4D236M2D64M1D443M1D3M3D11M1D207M1I118M1D151M1I11M1D234M1D419M1D264M2D2M1I418M3D300M2I39M1D525M1D11M4D15M1I187M4I3M1I426M2D82M2I71M1D427M1D4M1D427M1D116M3D2M2D3M1D230M1D7M1D3M1I7M1D2M3D303M1D130M1D733M1I6M1I6M1D145M1I145M1I87M3D199M1I11M1D353M7D2M2D96M1I304M4D11M1D66M1D217M2I141M1I173M1D3M5D9M1D132M1I3M1I606M2D79M4D285M1D191M2D13M1D3M2D2M1I341M3D151M1D549M1I329M1I45M1I22M1D7M1I108M3D666M2D242M1D6M1D914M1D222M1D42M1D73M1I22M3D468M1D5M4D210M1D338M1D580M1I31M1D135M1D36M1I497M1D42M2D323M3D169M1D480M1I143M1I162M1I86M1D202M1D13M1I11M2D57M1D345M2I130M1I305M1D9M1D80M1D293M3I47M1I21M4I101M1D124M1I3M1I380M6I37M1D226M4D474M1D163M8D214M1D73M12I279M1D5M1D345M1I4M2D217M4D190M1D68M1D29M3D347M2I3M1D5M2I112M1I262M1I47M1D323M1D285M1I57M1I8M3I117M1I6M1D345M2D677M2I5M1D3M3D2M1I64M1D21M1D227M1D5M1I45M2I299M1D331M1I16M1I2M1I1M1I149M1D41M1I96M1D97M1D6M1D3M2I290M1D342M1D5M1D14M1I19M36S
9d796ae7-6945-4d1e-abb4-7bdce517a96d	9d796ae7-6945-4d1e-abb4-7bdce517a96d	G	22	60	reverse	21150	22333	22333	6	10	0	10	50303	50304	301828	301834	6	21148	21152	50299	50308	301804	301858	54	317821	11S973M2D126M1I579M2D935M2D229M1D4M2I2M3D76M2I268M2I15M1I720M1D1546M1I83M1I215M1D342M1D6M2I2M1I456M1I944M3D1438M1D66M1I1M1I118M3I1400M2I160M2I512M3D3023M1D1047M1I646M1D1M1D6M4I4M3D59M2D109M1I624M1I594M1D1249M3I908M1D510M1D163M8D733M1I356M1I1006M33S
a634b28d-7579-4d22-b746-c799d1222281	a634b28d-7579-4d22-b746-c799d1222281	G	28	60	reverse	6174	24784	24784	6	10	0	10	13158	13166	78958	79006	48	6172	6176	13154	13173	78934	79048	114	308181	11S262M1I648M1D246M1D645M1D124M2I332M1I116M2I28M1D5M2D429M1D158M1I60M1D84M10D1M1D203M1D166M2I212M1D326M1I41M2D76M1D182M1I186M1D5M3D64M2D40M2D20M1D381M1I164M8D813M1I139M1D380M1I42M2D397M2I3M2I762M1D836M1D23M1D2M1D111M1D1228M1I2M2D606M1D711M1I30M1D604M16I373M2D29M1I91M2D400M1D660M1D5M1I5M3D3M1D583M1I57M1D117M1I358M1I26M1D490M1I268M1D480M1I216M1D53M2D108M1I8M3D48M2D4M1D139M4D298M1D86M1I152M1I4M1D405M1D723M1I3M1D21M1D75M1D6M1D22M2I9M1I85M1I195M1I8M1D6M1I1023M1I3M4I360M3D75M1I4M1D169M2D5M1I2M1D9M2D7M1D4M2I4M1I14M1D9M1I59M2D19M1D25M2I22M2D150M1D22M1D6M1D28M1I51M1I3M1D27M1D181M3I228M1I260M2I324M3I224M2D133M2I83M3I5M1D245M1D505M1D7M2D2M4D61M1I1M1I3M1D81M1I216M1D3M3D104M1I110M5I322M1D2M1D519M1I409M41S
cb0e7285-3c4a-461b-8540-7f0a3fda312c	cb0e7285-3c4a-461b-8540-7f0a3fda312c	G	39	60	reverse	14352	28478	28478	6	10	0	10	43809	43810	262864	262870	6	14350	14354	43804	43818	262834	262918	84	524462	5S340M2D768M2D140M3I92M1D473M2D4M1I391M2I119M1D18M1D218M1I41M1I997M1I1M2I2M2I34M1D8M1D7M1D203M1D270M1D89M1I7M1I199M1D32M3D1819M2D2M1D430M1D81M1I1740M1D247M1I1M3D380M1D165M5D518M1D434M1D72M5I40M1D47M1D127M1D16M2D104M1I3M1I493M2D316M2D139M1D171M1I102M1I246M1D4M1D3M2D2M3D419M2I800M8D773M1I150M2D816M1D164M1D402M1D229M1D846M1D934M1I329M1I27M1D807M1D165M1I2M2D98M1D923M1D23M16I128M1I2M2I1611M1D929M1I18M1D536M1D245M1D204M1I555M4D572M2I104M1D19M4I334M1D112M1I5M2D1021M1I5M1D7M1I298M1D937M1D127M4I134M1I352M1I34M54S
e7f01a96-5fbc-463c-9f12-f4e323ea44f3	e7f01a96-5fbc-463c-9f12-f4e323ea44f3	G	27	60	forward	21875	27319	27319	6	10	0	10	44165	44169	265000	265024	24	21873	21877	44163	44174	264988	265054	66	330596	40S437M1D770M1D466M1D1043M1D1476M1I443M1D686M3D1384M1D2005M1D1777M1I755M1I171M2I512M3D464M1I475M2I188M1I260M2D17M1I3M1D1M1D1565M1I1732M1I817M2I885M1I92M1D115M1I153M1I599M2I147M1D1271M1I164M8D161M1D201M1D250M2D1330M1I1446M2I594M2D849M3D1262M1D34M1D255M1S
