raw_parent_id	clean_query_name	attacked_query_name	clean_base	attacked_base	transition	clean_is_alt	attacked_is_alt	alt_support_lost	clean_base_quality	attacked_base_quality	base_quality_delta	clean_mapping_quality	attacked_mapping_quality	clean_query_position	attacked_query_position	clean_query_length	attacked_query_length
00533577-803b-48cd-814e-adfa3e058d91	00533577-803b-48cd-814e-adfa3e058d91	00533577-803b-48cd-814e-adfa3e058d91	G	-	G>-	1	0	1	28			60	60	6500		30967	30956
199fcf4a-a100-4779-b89e-c80f4793cdfc	d32cf572-42c3-4740-951f-eecb2bbd429a	d32cf572-42c3-4740-951f-eecb2bbd429a	G	-	G>-	1	0	1	21			60	60	4145		25379	25370
1de25dab-c1cd-4c85-9b97-0104f8f411a5	1de25dab-c1cd-4c85-9b97-0104f8f411a5	1de25dab-c1cd-4c85-9b97-0104f8f411a5	G	-	G>-	1	0	1	37			60	60	23611		27382	27369
26efcc36-d025-471e-933a-e57a2447c465	2ebb7141-5a5d-415f-af2c-6ff3164996bd	2ebb7141-5a5d-415f-af2c-6ff3164996bd	G	-	G>-	1	0	1	40			60	60	18516		22064	22052
72209365-d223-4c87-9ba5-63376a9170fd	72209365-d223-4c87-9ba5-63376a9170fd	72209365-d223-4c87-9ba5-63376a9170fd	G	G	G>G	1	1	0	33	33	0	60	60	8724	8724	20730	20735
7c1164dc-2545-441b-ab5d-11227989dfe6	7c1164dc-2545-441b-ab5d-11227989dfe6	7c1164dc-2545-441b-ab5d-11227989dfe6	G	G	G>G	1	1	0	35	35	0	60	60	30855	30843	36077	36065
9a90548e-31da-4b38-aba0-8b9f7a75e936	9a90548e-31da-4b38-aba0-8b9f7a75e936	9a90548e-31da-4b38-aba0-8b9f7a75e936	-	-	->-	0	0	0				60	60			20736	20736
9d796ae7-6945-4d1e-abb4-7bdce517a96d	9d796ae7-6945-4d1e-abb4-7bdce517a96d	9d796ae7-6945-4d1e-abb4-7bdce517a96d	G	G	G>G	1	1	0	22	22	0	60	60	21150	21147	22333	22330
a634b28d-7579-4d22-b746-c799d1222281	a634b28d-7579-4d22-b746-c799d1222281	a634b28d-7579-4d22-b746-c799d1222281	G	G	G>G	1	1	0	28	28	0	60	60	6174	6174	24784	24790
cb0e7285-3c4a-461b-8540-7f0a3fda312c	cb0e7285-3c4a-461b-8540-7f0a3fda312c	cb0e7285-3c4a-461b-8540-7f0a3fda312c	G	G	G>G	1	1	0	39	37	-2	60	60	14352	14346	28478	28472
e7f01a96-5fbc-463c-9f12-f4e323ea44f3	e7f01a96-5fbc-463c-9f12-f4e323ea44f3	e7f01a96-5fbc-463c-9f12-f4e323ea44f3	G	-	G>-	1	0	1	27			60	60	21875		27319	27308
